Osimhen,https://www.fantacalcio.it/serie-a/squadre/napoli/osimhen/4661/2022-23/statistico
Martinez L.,https://www.fantacalcio.it/serie-a/squadre/inter/martinez-l/2764/2022-23/statistico
Dybala,https://www.fantacalcio.it/serie-a/squadre/roma/dybala/309/2022-23/statistico
Berardi,https://www.fantacalcio.it/serie-a/squadre/sassuolo/berardi/531/2022-23/statistico
Kvaratskhelia,https://www.fantacalcio.it/serie-a/squadre/napoli/kvaratskhelia/5839/2022-23/statistico
Rafael Leao,https://www.fantacalcio.it/serie-a/squadre/milan/rafael-leao/4510/2022-23/statistico
Lookman,https://www.fantacalcio.it/serie-a/squadre/atalanta/lookman/4730/2022-23/statistico
Dia,https://www.fantacalcio.it/serie-a/squadre/salernitana/dia/5672/2022-23/statistico
Sanabria,https://www.fantacalcio.it/serie-a/squadre/torino/sanabria/479/2022-23/statistico
Zaccagni,https://www.fantacalcio.it/serie-a/squadre/lazio/zaccagni/632/2022-23/statistico
Immobile,https://www.fantacalcio.it/serie-a/squadre/lazio/immobile/785/2022-23/statistico
Scamacca,https://www.fantacalcio.it/serie-a/squadre/sassuolo/scamacca/2137/2022-23/statistico
Lukaku,https://www.fantacalcio.it/serie-a/squadre/inter/lukaku/2531/2022-23/statistico
Giroud,https://www.fantacalcio.it/serie-a/squadre/milan/giroud/4200/2022-23/statistico
Nzola,https://www.fantacalcio.it/serie-a/squadre/spezia/nzola/5336/2022-23/statistico
Milinkovic-Savic,https://www.fantacalcio.it/serie-a/squadre/lazio/milinkovic-savic/645/2022-23/statistico
Arnautovic,https://www.fantacalcio.it/serie-a/squadre/bologna/arnautovic/4268/2022-23/statistico
Felipe Anderson,https://www.fantacalcio.it/serie-a/squadre/lazio/felipe-anderson/335/2022-23/statistico
El Shaarawy,https://www.fantacalcio.it/serie-a/squadre/roma/el-shaarawy/795/2022-23/statistico
Rabiot,https://www.fantacalcio.it/serie-a/squadre/juventus/rabiot/2379/2022-23/statistico
Vlahovic,https://www.fantacalcio.it/serie-a/squadre/juventus/vlahovic/2841/2022-23/statistico
Cabral,https://www.fantacalcio.it/serie-a/squadre/fiorentina/cabral/5786/2022-23/statistico
Lauriente',https://www.fantacalcio.it/serie-a/squadre/sassuolo/lauriente/6060/2022-23/statistico
Dzeko,https://www.fantacalcio.it/serie-a/squadre/inter/dzeko/647/2022-23/statistico
Luis Alberto,https://www.fantacalcio.it/serie-a/squadre/lazio/luis-alberto/2085/2022-23/statistico
Orsolini,https://www.fantacalcio.it/serie-a/squadre/bologna/orsolini/2167/2022-23/statistico
Strefezza,https://www.fantacalcio.it/serie-a/squadre/lecce/strefezza/4486/2022-23/statistico
Koopmeiners,https://www.fantacalcio.it/serie-a/squadre/atalanta/koopmeiners/5685/2022-23/statistico
Hojlund,https://www.fantacalcio.it/serie-a/squadre/atalanta/hojlund/6052/2022-23/statistico
Barella,https://www.fantacalcio.it/serie-a/squadre/inter/barella/1870/2022-23/statistico
Vlasic,https://www.fantacalcio.it/serie-a/squadre/torino/vlasic/5687/2022-23/statistico
Beto,https://www.fantacalcio.it/serie-a/squadre/udinese/beto/5694/2022-23/statistico
Zielinski,https://www.fantacalcio.it/serie-a/squadre/napoli/zielinski/152/2022-23/statistico
Pereyra,https://www.fantacalcio.it/serie-a/squadre/udinese/pereyra/302/2022-23/statistico
Candreva,https://www.fantacalcio.it/serie-a/squadre/salernitana/candreva/332/2022-23/statistico
Abraham,https://www.fantacalcio.it/serie-a/squadre/roma/abraham/2544/2022-23/statistico
Frattesi,https://www.fantacalcio.it/serie-a/squadre/sassuolo/frattesi/2848/2022-23/statistico
Cambiaghi,https://www.fantacalcio.it/serie-a/squadre/empoli/cambiaghi/4436/2022-23/statistico
Diaz B.,https://www.fantacalcio.it/serie-a/squadre/milan/diaz-b/4825/2022-23/statistico
Miranchuk,https://www.fantacalcio.it/serie-a/squadre/torino/miranchuk/5001/2022-23/statistico
Ferguson,https://www.fantacalcio.it/serie-a/squadre/bologna/ferguson/5858/2022-23/statistico
Ciurria,https://www.fantacalcio.it/serie-a/squadre/monza/ciurria/5880/2022-23/statistico
Ciofani D.,https://www.fantacalcio.it/serie-a/squadre/cremonese/ciofani-d/212/2022-23/statistico
Lazovic,https://www.fantacalcio.it/serie-a/squadre/verona/lazovic/236/2022-23/statistico
Milik,https://www.fantacalcio.it/serie-a/squadre/juventus/milik/2012/2022-23/statistico
Calhanoglu,https://www.fantacalcio.it/serie-a/squadre/inter/calhanoglu/2194/2022-23/statistico
Di Maria,https://www.fantacalcio.it/serie-a/squadre/juventus/di-maria/2382/2022-23/statistico
Elmas,https://www.fantacalcio.it/serie-a/squadre/napoli/elmas/4479/2022-23/statistico
Lovric,https://www.fantacalcio.it/serie-a/squadre/udinese/lovric/5850/2022-23/statistico
Carlos Augusto,https://www.fantacalcio.it/serie-a/squadre/monza/carlos-augusto/5877/2022-23/statistico
Dimarco,https://www.fantacalcio.it/serie-a/squadre/inter/dimarco/254/2022-23/statistico
Ruiz,https://www.fantacalcio.it/serie-a/squadre/napoli/ruiz/2775/2022-23/statistico
Boga,https://www.fantacalcio.it/serie-a/squadre/atalanta/boga/2832/2022-23/statistico
Gonzalez N.,https://www.fantacalcio.it/serie-a/squadre/fiorentina/gonzalez-n/4179/2022-23/statistico
Zambo Anguissa,https://www.fantacalcio.it/serie-a/squadre/napoli/zambo-anguissa/4220/2022-23/statistico
Samardzic,https://www.fantacalcio.it/serie-a/squadre/udinese/samardzic/5119/2022-23/statistico
Posch,https://www.fantacalcio.it/serie-a/squadre/bologna/posch/6066/2022-23/statistico
Meret,https://www.fantacalcio.it/serie-a/squadre/napoli/meret/572/2022-23/statistico
Simeone,https://www.fantacalcio.it/serie-a/squadre/napoli/simeone/2061/2022-23/statistico
Pedro,https://www.fantacalcio.it/serie-a/squadre/lazio/pedro/2489/2022-23/statistico
Provedel,https://www.fantacalcio.it/serie-a/squadre/lazio/provedel/2814/2022-23/statistico
Di Lorenzo,https://www.fantacalcio.it/serie-a/squadre/napoli/di-lorenzo/2816/2022-23/statistico
Baldanzi,https://www.fantacalcio.it/serie-a/squadre/empoli/baldanzi/5823/2022-23/statistico
Bonaventura,https://www.fantacalcio.it/serie-a/squadre/fiorentina/bonaventura/367/2022-23/statistico
Zappacosta,https://www.fantacalcio.it/serie-a/squadre/atalanta/zappacosta/554/2022-23/statistico
Zapata D.,https://www.fantacalcio.it/serie-a/squadre/atalanta/zapata-d/608/2022-23/statistico
Pessina,https://www.fantacalcio.it/serie-a/squadre/monza/pessina/2741/2022-23/statistico
Danilo,https://www.fantacalcio.it/serie-a/squadre/juventus/danilo/4237/2022-23/statistico
Smalling,https://www.fantacalcio.it/serie-a/squadre/roma/smalling/4245/2022-23/statistico
Maignan,https://www.fantacalcio.it/serie-a/squadre/milan/maignan/4312/2022-23/statistico
Tonali,https://www.fantacalcio.it/serie-a/squadre/milan/tonali/4449/2022-23/statistico
Kostic,https://www.fantacalcio.it/serie-a/squadre/juventus/kostic/4711/2022-23/statistico
Ceesay,https://www.fantacalcio.it/serie-a/squadre/lecce/ceesay/5836/2022-23/statistico
Mota,https://www.fantacalcio.it/serie-a/squadre/monza/mota/5882/2022-23/statistico
Brozovic,https://www.fantacalcio.it/serie-a/squadre/inter/brozovic/265/2022-23/statistico
Verdi,https://www.fantacalcio.it/serie-a/squadre/verona/verdi/376/2022-23/statistico
Petagna,https://www.fantacalcio.it/serie-a/squadre/monza/petagna/383/2022-23/statistico
Caprari,https://www.fantacalcio.it/serie-a/squadre/monza/caprari/1958/2022-23/statistico
Chiesa,https://www.fantacalcio.it/serie-a/squadre/juventus/chiesa/2002/2022-23/statistico
Karamoh,https://www.fantacalcio.it/serie-a/squadre/torino/karamoh/2325/2022-23/statistico
Kouame',https://www.fantacalcio.it/serie-a/squadre/fiorentina/kouame/2762/2022-23/statistico
Lobotka,https://www.fantacalcio.it/serie-a/squadre/napoli/lobotka/4287/2022-23/statistico
Fagioli,https://www.fantacalcio.it/serie-a/squadre/juventus/fagioli/4465/2022-23/statistico
Vicario,https://www.fantacalcio.it/serie-a/squadre/empoli/vicario/4964/2022-23/statistico
Molina N.,https://www.fantacalcio.it/serie-a/squadre/udinese/molina-n/4998/2022-23/statistico
Kim,https://www.fantacalcio.it/serie-a/squadre/napoli/kim/5892/2022-23/statistico
Gabbiadini,https://www.fantacalcio.it/serie-a/squadre/sampdoria/gabbiadini/407/2022-23/statistico
Szczesny,https://www.fantacalcio.it/serie-a/squadre/juventus/szczesny/453/2022-23/statistico
Romagnoli,https://www.fantacalcio.it/serie-a/squadre/lazio/romagnoli/460/2022-23/statistico
Sansone,https://www.fantacalcio.it/serie-a/squadre/bologna/sansone/537/2022-23/statistico
Deulofeu,https://www.fantacalcio.it/serie-a/squadre/udinese/deulofeu/2119/2022-23/statistico
Barrow,https://www.fantacalcio.it/serie-a/squadre/bologna/barrow/2719/2022-23/statistico
Hernandez T.,https://www.fantacalcio.it/serie-a/squadre/milan/hernandez-t/4292/2022-23/statistico
Malinovskyi,https://www.fantacalcio.it/serie-a/squadre/atalanta/malinovskyi/4427/2022-23/statistico
Lozano,https://www.fantacalcio.it/serie-a/squadre/napoli/lozano/4517/2022-23/statistico
Messias,https://www.fantacalcio.it/serie-a/squadre/milan/messias/4970/2022-23/statistico
Udogie,https://www.fantacalcio.it/serie-a/squadre/udinese/udogie/5355/2022-23/statistico
Ebuehi,https://www.fantacalcio.it/serie-a/squadre/empoli/ebuehi/5480/2022-23/statistico
Mazzocchi,https://www.fantacalcio.it/serie-a/squadre/salernitana/mazzocchi/5481/2022-23/statistico
Okereke,https://www.fantacalcio.it/serie-a/squadre/cremonese/okereke/5515/2022-23/statistico
Valeri,https://www.fantacalcio.it/serie-a/squadre/cremonese/valeri/5862/2022-23/statistico
Colpani,https://www.fantacalcio.it/serie-a/squadre/monza/colpani/5878/2022-23/statistico
Dessers,https://www.fantacalcio.it/serie-a/squadre/cremonese/dessers/6026/2022-23/statistico
Skorupski,https://www.fantacalcio.it/serie-a/squadre/bologna/skorupski/133/2022-23/statistico
Muriel,https://www.fantacalcio.it/serie-a/squadre/atalanta/muriel/507/2022-23/statistico
Pellegrini Lo.,https://www.fantacalcio.it/serie-a/squadre/roma/pellegrini-lo/530/2022-23/statistico
Politano,https://www.fantacalcio.it/serie-a/squadre/napoli/politano/536/2022-23/statistico
Pasalic,https://www.fantacalcio.it/serie-a/squadre/atalanta/pasalic/2077/2022-23/statistico
Falcone,https://www.fantacalcio.it/serie-a/squadre/lecce/falcone/2134/2022-23/statistico
Silvestri,https://www.fantacalcio.it/serie-a/squadre/udinese/silvestri/2211/2022-23/statistico
Thauvin,https://www.fantacalcio.it/serie-a/squadre/udinese/thauvin/2369/2022-23/statistico
Matic,https://www.fantacalcio.it/serie-a/squadre/roma/matic/2528/2022-23/statistico
Mkhitaryan,https://www.fantacalcio.it/serie-a/squadre/inter/mkhitaryan/2529/2022-23/statistico
Wijnaldum,https://www.fantacalcio.it/serie-a/squadre/roma/wijnaldum/2638/2022-23/statistico
Piatek,https://www.fantacalcio.it/serie-a/squadre/salernitana/piatek/2756/2022-23/statistico
Bennacer,https://www.fantacalcio.it/serie-a/squadre/milan/bennacer/2818/2022-23/statistico
Caputo,https://www.fantacalcio.it/serie-a/squadre/empoli/caputo/2819/2022-23/statistico
Rui Patricio,https://www.fantacalcio.it/serie-a/squadre/roma/rui-patricio/4270/2022-23/statistico
Rrahmani,https://www.fantacalcio.it/serie-a/squadre/napoli/rrahmani/4409/2022-23/statistico
Ikone',https://www.fantacalcio.it/serie-a/squadre/fiorentina/ikone/4658/2022-23/statistico
Dominguez,https://www.fantacalcio.it/serie-a/squadre/bologna/dominguez/4869/2022-23/statistico
Damsgaard,https://www.fantacalcio.it/serie-a/squadre/sampdoria/damsgaard/4978/2022-23/statistico
Radonjic,https://www.fantacalcio.it/serie-a/squadre/torino/radonjic/5063/2022-23/statistico
Zanoli,https://www.fantacalcio.it/serie-a/squadre/sampdoria/zanoli/5527/2022-23/statistico
Doig,https://www.fantacalcio.it/serie-a/squadre/verona/doig/5851/2022-23/statistico
Di Gregorio,https://www.fantacalcio.it/serie-a/squadre/monza/di-gregorio/5876/2022-23/statistico
Moro N.,https://www.fantacalcio.it/serie-a/squadre/bologna/moro-n/6054/2022-23/statistico
De Roon,https://www.fantacalcio.it/serie-a/squadre/atalanta/de-roon/22/2022-23/statistico
Saponara,https://www.fantacalcio.it/serie-a/squadre/fiorentina/saponara/150/2022-23/statistico
Pogba,https://www.fantacalcio.it/serie-a/squadre/juventus/pogba/303/2022-23/statistico
Lukic,https://www.fantacalcio.it/serie-a/squadre/torino/lukic/2009/2022-23/statistico
Gosens,https://www.fantacalcio.it/serie-a/squadre/inter/gosens/2160/2022-23/statistico
Milinkovic-Savic V.,https://www.fantacalcio.it/serie-a/squadre/torino/milinkovic-savic-v/2170/2022-23/statistico
Jovic,https://www.fantacalcio.it/serie-a/squadre/fiorentina/jovic/2438/2022-23/statistico
Sanchez,https://www.fantacalcio.it/serie-a/squadre/inter/sanchez/2475/2022-23/statistico
Buongiorno,https://www.fantacalcio.it/serie-a/squadre/torino/buongiorno/2724/2022-23/statistico
Bremer,https://www.fantacalcio.it/serie-a/squadre/juventus/bremer/2788/2022-23/statistico
Ilic,https://www.fantacalcio.it/serie-a/squadre/torino/ilic/5007/2022-23/statistico
Zirkzee,https://www.fantacalcio.it/serie-a/squadre/bologna/zirkzee/5086/2022-23/statistico
Ricci S.,https://www.fantacalcio.it/serie-a/squadre/torino/ricci-s/5453/2022-23/statistico
Coulibaly L.,https://www.fantacalcio.it/serie-a/squadre/salernitana/coulibaly-l/5504/2022-23/statistico
Matheus Henrique,https://www.fantacalcio.it/serie-a/squadre/sassuolo/matheus-henrique/5511/2022-23/statistico
Onana,https://www.fantacalcio.it/serie-a/squadre/inter/onana/5830/2022-23/statistico
Baschirotto,https://www.fantacalcio.it/serie-a/squadre/lecce/baschirotto/5835/2022-23/statistico
Tsadjout,https://www.fantacalcio.it/serie-a/squadre/cremonese/tsadjout/5854/2022-23/statistico
Schuurs,https://www.fantacalcio.it/serie-a/squadre/torino/schuurs/6041/2022-23/statistico
Correa,https://www.fantacalcio.it/serie-a/squadre/inter/correa/495/2022-23/statistico
Spinazzola,https://www.fantacalcio.it/serie-a/squadre/roma/spinazzola/1852/2022-23/statistico
Mandragora,https://www.fantacalcio.it/serie-a/squadre/fiorentina/mandragora/1933/2022-23/statistico
Sensi,https://www.fantacalcio.it/serie-a/squadre/monza/sensi/1978/2022-23/statistico
Kean,https://www.fantacalcio.it/serie-a/squadre/juventus/kean/2097/2022-23/statistico
Barak,https://www.fantacalcio.it/serie-a/squadre/fiorentina/barak/2172/2022-23/statistico
Veretout,https://www.fantacalcio.it/serie-a/squadre/roma/veretout/2215/2022-23/statistico
Mancini,https://www.fantacalcio.it/serie-a/squadre/roma/mancini/2296/2022-23/statistico
Brekalo,https://www.fantacalcio.it/serie-a/squadre/fiorentina/brekalo/4184/2022-23/statistico
Tomori,https://www.fantacalcio.it/serie-a/squadre/milan/tomori/4751/2022-23/statistico
Colombo,https://www.fantacalcio.it/serie-a/squadre/lecce/colombo/4923/2022-23/statistico
Parisi,https://www.fantacalcio.it/serie-a/squadre/empoli/parisi/5449/2022-23/statistico
Olivera,https://www.fantacalcio.it/serie-a/squadre/napoli/olivera/5840/2022-23/statistico
Banda,https://www.fantacalcio.it/serie-a/squadre/lecce/banda/6001/2022-23/statistico
Oudin,https://www.fantacalcio.it/serie-a/squadre/lecce/oudin/6061/2022-23/statistico
Sportiello,https://www.fantacalcio.it/serie-a/squadre/atalanta/sportiello/4/2022-23/statistico
Hysaj,https://www.fantacalcio.it/serie-a/squadre/lazio/hysaj/140/2022-23/statistico
Ilicic,https://www.fantacalcio.it/serie-a/squadre/atalanta/ilicic/177/2022-23/statistico
Rebic,https://www.fantacalcio.it/serie-a/squadre/milan/rebic/186/2022-23/statistico
Verde,https://www.fantacalcio.it/serie-a/squadre/spezia/verde/215/2022-23/statistico
Biraghi,https://www.fantacalcio.it/serie-a/squadre/fiorentina/biraghi/252/2022-23/statistico
Luperto,https://www.fantacalcio.it/serie-a/squadre/empoli/luperto/393/2022-23/statistico
Toloi,https://www.fantacalcio.it/serie-a/squadre/atalanta/toloi/695/2022-23/statistico
Locatelli,https://www.fantacalcio.it/serie-a/squadre/juventus/locatelli/827/2022-23/statistico
Di Francesco F.,https://www.fantacalcio.it/serie-a/squadre/lecce/di-francesco-f/1857/2022-23/statistico
Dragowski,https://www.fantacalcio.it/serie-a/squadre/spezia/dragowski/1917/2022-23/statistico
Nestorovski,https://www.fantacalcio.it/serie-a/squadre/udinese/nestorovski/1943/2022-23/statistico
Kastanos,https://www.fantacalcio.it/serie-a/squadre/salernitana/kastanos/2117/2022-23/statistico
Bastoni,https://www.fantacalcio.it/serie-a/squadre/inter/bastoni/2120/2022-23/statistico
Depaoli,https://www.fantacalcio.it/serie-a/squadre/verona/depaoli/2141/2022-23/statistico
Zakaria,https://www.fantacalcio.it/serie-a/squadre/juventus/zakaria/2432/2022-23/statistico
Darmian,https://www.fantacalcio.it/serie-a/squadre/inter/darmian/2525/2022-23/statistico
Terracciano,https://www.fantacalcio.it/serie-a/squadre/fiorentina/terracciano/2815/2022-23/statistico
Raspadori,https://www.fantacalcio.it/serie-a/squadre/napoli/raspadori/4371/2022-23/statistico
Castrovilli,https://www.fantacalcio.it/serie-a/squadre/fiorentina/castrovilli/4377/2022-23/statistico
Augello,https://www.fantacalcio.it/serie-a/squadre/sampdoria/augello/4421/2022-23/statistico
Carnesecchi,https://www.fantacalcio.it/serie-a/squadre/cremonese/carnesecchi/4431/2022-23/statistico
Rovella,https://www.fantacalcio.it/serie-a/squadre/monza/rovella/4459/2022-23/statistico
Saelemaekers,https://www.fantacalcio.it/serie-a/squadre/milan/saelemaekers/4892/2022-23/statistico
Montipo',https://www.fantacalcio.it/serie-a/squadre/verona/montipo/4957/2022-23/statistico
Marin,https://www.fantacalcio.it/serie-a/squadre/empoli/marin/4965/2022-23/statistico
Bastoni S.,https://www.fantacalcio.it/serie-a/squadre/spezia/bastoni-s/5332/2022-23/statistico
Maehle,https://www.fantacalcio.it/serie-a/squadre/atalanta/maehle/5375/2022-23/statistico
Zalewski,https://www.fantacalcio.it/serie-a/squadre/roma/zalewski/5422/2022-23/statistico
Bajrami,https://www.fantacalcio.it/serie-a/squadre/sassuolo/bajrami/5451/2022-23/statistico
Casale,https://www.fantacalcio.it/serie-a/squadre/lazio/casale/5498/2022-23/statistico
Dumfries,https://www.fantacalcio.it/serie-a/squadre/inter/dumfries/5513/2022-23/statistico
Scalvini,https://www.fantacalcio.it/serie-a/squadre/atalanta/scalvini/5526/2022-23/statistico
Theate,https://www.fantacalcio.it/serie-a/squadre/bologna/theate/5675/2022-23/statistico
Perez N.,https://www.fantacalcio.it/serie-a/squadre/udinese/perez-n/5677/2022-23/statistico
Ederson D.s.,https://www.fantacalcio.it/serie-a/squadre/atalanta/ederson-d-s/5792/2022-23/statistico
Bijol,https://www.fantacalcio.it/serie-a/squadre/udinese/bijol/5847/2022-23/statistico
Hjulmand,https://www.fantacalcio.it/serie-a/squadre/lecce/hjulmand/5870/2022-23/statistico
De Ketelaere,https://www.fantacalcio.it/serie-a/squadre/milan/de-ketelaere/5995/2022-23/statistico
Vilhena,https://www.fantacalcio.it/serie-a/squadre/salernitana/vilhena/6025/2022-23/statistico
Iling Junior,https://www.fantacalcio.it/serie-a/squadre/juventus/iling-junior/6112/2022-23/statistico
Ochoa,https://www.fantacalcio.it/serie-a/squadre/salernitana/ochoa/6120/2022-23/statistico
Mario Rui,https://www.fantacalcio.it/serie-a/squadre/napoli/mario-rui/142/2022-23/statistico
Vecino,https://www.fantacalcio.it/serie-a/squadre/lazio/vecino/181/2022-23/statistico
Perin,https://www.fantacalcio.it/serie-a/squadre/juventus/perin/218/2022-23/statistico
Bonazzoli,https://www.fantacalcio.it/serie-a/squadre/salernitana/bonazzoli/505/2022-23/statistico
Acerbi,https://www.fantacalcio.it/serie-a/squadre/inter/acerbi/513/2022-23/statistico
Faraoni,https://www.fantacalcio.it/serie-a/squadre/verona/faraoni/581/2022-23/statistico
Freuler,https://www.fantacalcio.it/serie-a/squadre/atalanta/freuler/788/2022-23/statistico
Pinamonti,https://www.fantacalcio.it/serie-a/squadre/sassuolo/pinamonti/2038/2022-23/statistico
Milenkovic,https://www.fantacalcio.it/serie-a/squadre/fiorentina/milenkovic/2164/2022-23/statistico
Rodriguez R.,https://www.fantacalcio.it/serie-a/squadre/torino/rodriguez-r/2169/2022-23/statistico
Cerofolini,https://www.fantacalcio.it/serie-a/squadre/fiorentina/cerofolini/2294/2022-23/statistico
Reca,https://www.fantacalcio.it/serie-a/squadre/spezia/reca/2739/2022-23/statistico
Zaniolo,https://www.fantacalcio.it/serie-a/squadre/roma/zaniolo/2766/2022-23/statistico
Musso,https://www.fantacalcio.it/serie-a/squadre/atalanta/musso/2792/2022-23/statistico
Bourabia,https://www.fantacalcio.it/serie-a/squadre/spezia/bourabia/2825/2022-23/statistico
Traore' Hj.,https://www.fantacalcio.it/serie-a/squadre/sassuolo/traore-hj/2857/2022-23/statistico
Kyriakopoulos,https://www.fantacalcio.it/serie-a/squadre/bologna/kyriakopoulos/4530/2022-23/statistico
Maldini,https://www.fantacalcio.it/serie-a/squadre/spezia/maldini/4896/2022-23/statistico
Singo,https://www.fantacalcio.it/serie-a/squadre/torino/singo/4899/2022-23/statistico
Mari',https://www.fantacalcio.it/serie-a/squadre/monza/mari/4904/2022-23/statistico
Bove,https://www.fantacalcio.it/serie-a/squadre/roma/bove/5423/2022-23/statistico
Cambiaso,https://www.fantacalcio.it/serie-a/squadre/bologna/cambiaso/5520/2022-23/statistico
Success,https://www.fantacalcio.it/serie-a/squadre/udinese/success/5676/2022-23/statistico
Thorstvedt,https://www.fantacalcio.it/serie-a/squadre/sassuolo/thorstvedt/5844/2022-23/statistico
Dodo',https://www.fantacalcio.it/serie-a/squadre/fiorentina/dodo/5885/2022-23/statistico
Solbakken,https://www.fantacalcio.it/serie-a/squadre/roma/solbakken/6119/2022-23/statistico
Masina,https://www.fantacalcio.it/serie-a/squadre/udinese/masina/49/2022-23/statistico
Sepe,https://www.fantacalcio.it/serie-a/squadre/salernitana/sepe/159/2022-23/statistico
Izzo,https://www.fantacalcio.it/serie-a/squadre/monza/izzo/226/2022-23/statistico
Handanovic,https://www.fantacalcio.it/serie-a/squadre/inter/handanovic/250/2022-23/statistico
Calabria,https://www.fantacalcio.it/serie-a/squadre/milan/calabria/357/2022-23/statistico
Cristante,https://www.fantacalcio.it/serie-a/squadre/roma/cristante/779/2022-23/statistico
Skriniar,https://www.fantacalcio.it/serie-a/squadre/inter/skriniar/798/2022-23/statistico
Bandinelli,https://www.fantacalcio.it/serie-a/squadre/empoli/bandinelli/2253/2022-23/statistico
Walace,https://www.fantacalcio.it/serie-a/squadre/udinese/walace/2392/2022-23/statistico
Soriano,https://www.fantacalcio.it/serie-a/squadre/bologna/soriano/2625/2022-23/statistico
Sernicola,https://www.fantacalcio.it/serie-a/squadre/cremonese/sernicola/2847/2022-23/statistico
Piccoli,https://www.fantacalcio.it/serie-a/squadre/empoli/piccoli/4359/2022-23/statistico
Terzic,https://www.fantacalcio.it/serie-a/squadre/fiorentina/terzic/4375/2022-23/statistico
Schouten,https://www.fantacalcio.it/serie-a/squadre/bologna/schouten/4393/2022-23/statistico
Rodrigo Becao,https://www.fantacalcio.it/serie-a/squadre/udinese/rodrigo-becao/4412/2022-23/statistico
Agudelo,https://www.fantacalcio.it/serie-a/squadre/spezia/agudelo/4515/2022-23/statistico
Pirola,https://www.fantacalcio.it/serie-a/squadre/salernitana/pirola/4897/2022-23/statistico
Caldirola,https://www.fantacalcio.it/serie-a/squadre/monza/caldirola/4958/2022-23/statistico
Akpa Akpro,https://www.fantacalcio.it/serie-a/squadre/empoli/akpa-akpro/5286/2022-23/statistico
Lammers,https://www.fantacalcio.it/serie-a/squadre/sampdoria/lammers/5292/2022-23/statistico
Makengo,https://www.fantacalcio.it/serie-a/squadre/udinese/makengo/5329/2022-23/statistico
Satriano,https://www.fantacalcio.it/serie-a/squadre/empoli/satriano/5460/2022-23/statistico
Djuric,https://www.fantacalcio.it/serie-a/squadre/verona/djuric/5471/2022-23/statistico
Harroui,https://www.fantacalcio.it/serie-a/squadre/sassuolo/harroui/5688/2022-23/statistico
Botheim,https://www.fantacalcio.it/serie-a/squadre/salernitana/botheim/5842/2022-23/statistico
Blin,https://www.fantacalcio.it/serie-a/squadre/lecce/blin/5869/2022-23/statistico
Juan Jesus,https://www.fantacalcio.it/serie-a/squadre/napoli/juan-jesus/256/2022-23/statistico
Bonucci,https://www.fantacalcio.it/serie-a/squadre/juventus/bonucci/286/2022-23/statistico
De Vrij,https://www.fantacalcio.it/serie-a/squadre/inter/de-vrij/322/2022-23/statistico
Cataldi,https://www.fantacalcio.it/serie-a/squadre/lazio/cataldi/333/2022-23/statistico
Consigli,https://www.fantacalcio.it/serie-a/squadre/sassuolo/consigli/509/2022-23/statistico
Duncan,https://www.fantacalcio.it/serie-a/squadre/fiorentina/duncan/526/2022-23/statistico
Defrel,https://www.fantacalcio.it/serie-a/squadre/sassuolo/defrel/643/2022-23/statistico
Cuadrado,https://www.fantacalcio.it/serie-a/squadre/juventus/cuadrado/697/2022-23/statistico
Audero,https://www.fantacalcio.it/serie-a/squadre/sampdoria/audero/761/2022-23/statistico
Djimsiti,https://www.fantacalcio.it/serie-a/squadre/atalanta/djimsiti/787/2022-23/statistico
Linetty,https://www.fantacalcio.it/serie-a/squadre/torino/linetty/2008/2022-23/statistico
Coulibaly M.,https://www.fantacalcio.it/serie-a/squadre/salernitana/coulibaly-m/2144/2022-23/statistico
Marusic,https://www.fantacalcio.it/serie-a/squadre/lazio/marusic/2188/2022-23/statistico
Origi,https://www.fantacalcio.it/serie-a/squadre/milan/origi/2466/2022-23/statistico
Stulac,https://www.fantacalcio.it/serie-a/squadre/empoli/stulac/2778/2022-23/statistico
Sottil,https://www.fantacalcio.it/serie-a/squadre/fiorentina/sottil/2839/2022-23/statistico
Djidji,https://www.fantacalcio.it/serie-a/squadre/torino/djidji/2869/2022-23/statistico
Ascacibar,https://www.fantacalcio.it/serie-a/squadre/cremonese/ascacibar/4178/2022-23/statistico
Ibanez,https://www.fantacalcio.it/serie-a/squadre/roma/ibanez/4331/2022-23/statistico
Mckennie,https://www.fantacalcio.it/serie-a/squadre/juventus/mckennie/4973/2022-23/statistico
Kalulu,https://www.fantacalcio.it/serie-a/squadre/milan/kalulu/4976/2022-23/statistico
Gyasi,https://www.fantacalcio.it/serie-a/squadre/spezia/gyasi/4992/2022-23/statistico
Vojvoda,https://www.fantacalcio.it/serie-a/squadre/torino/vojvoda/4994/2022-23/statistico
Jese',https://www.fantacalcio.it/serie-a/squadre/sampdoria/jese/5071/2022-23/statistico
Llorente D.,https://www.fantacalcio.it/serie-a/squadre/roma/llorente-d/5239/2022-23/statistico
Arslan,https://www.fantacalcio.it/serie-a/squadre/udinese/arslan/5287/2022-23/statistico
Martinez Quarta,https://www.fantacalcio.it/serie-a/squadre/fiorentina/martinez-quarta/5323/2022-23/statistico
Gaich,https://www.fantacalcio.it/serie-a/squadre/verona/gaich/5394/2022-23/statistico
Kiwior,https://www.fantacalcio.it/serie-a/squadre/spezia/kiwior/5693/2022-23/statistico
Galdames,https://www.fantacalcio.it/serie-a/squadre/cremonese/galdames/5705/2022-23/statistico
Soule',https://www.fantacalcio.it/serie-a/squadre/juventus/soule/5734/2022-23/statistico
Miretti,https://www.fantacalcio.it/serie-a/squadre/juventus/miretti/5813/2022-23/statistico
Castagnetti,https://www.fantacalcio.it/serie-a/squadre/cremonese/castagnetti/5863/2022-23/statistico
Buonaiuto,https://www.fantacalcio.it/serie-a/squadre/cremonese/buonaiuto/5864/2022-23/statistico
Gendrey,https://www.fantacalcio.it/serie-a/squadre/lecce/gendrey/5867/2022-23/statistico
Gonzalez J.,https://www.fantacalcio.it/serie-a/squadre/lecce/gonzalez-j/5999/2022-23/statistico
Hien,https://www.fantacalcio.it/serie-a/squadre/verona/hien/6046/2022-23/statistico
Ngonge,https://www.fantacalcio.it/serie-a/squadre/verona/ngonge/6145/2022-23/statistico
Grassi,https://www.fantacalcio.it/serie-a/squadre/empoli/grassi/27/2022-23/statistico
Krunic,https://www.fantacalcio.it/serie-a/squadre/milan/krunic/148/2022-23/statistico
Patric,https://www.fantacalcio.it/serie-a/squadre/lazio/patric/327/2022-23/statistico
Belotti,https://www.fantacalcio.it/serie-a/squadre/roma/belotti/441/2022-23/statistico
Quagliarella,https://www.fantacalcio.it/serie-a/squadre/sampdoria/quagliarella/568/2022-23/statistico
Gollini,https://www.fantacalcio.it/serie-a/squadre/napoli/gollini/610/2022-23/statistico
Gyomber,https://www.fantacalcio.it/serie-a/squadre/salernitana/gyomber/660/2022-23/statistico
Perisan,https://www.fantacalcio.it/serie-a/squadre/empoli/perisan/673/2022-23/statistico
Pellegri,https://www.fantacalcio.it/serie-a/squadre/torino/pellegri/2103/2022-23/statistico
Haas,https://www.fantacalcio.it/serie-a/squadre/empoli/haas/2161/2022-23/statistico
Rogerio,https://www.fantacalcio.it/serie-a/squadre/sassuolo/rogerio/2318/2022-23/statistico
Leris,https://www.fantacalcio.it/serie-a/squadre/sampdoria/leris/2334/2022-23/statistico
Ekdal,https://www.fantacalcio.it/serie-a/squadre/spezia/ekdal/2391/2022-23/statistico
Umtiti,https://www.fantacalcio.it/serie-a/squadre/lecce/umtiti/2583/2022-23/statistico
Meite',https://www.fantacalcio.it/serie-a/squadre/cremonese/meite/2789/2022-23/statistico
Troost-Ekong,https://www.fantacalcio.it/serie-a/squadre/salernitana/troost-ekong/2870/2022-23/statistico
Nikolaou,https://www.fantacalcio.it/serie-a/squadre/spezia/nikolaou/4329/2022-23/statistico
Demiral,https://www.fantacalcio.it/serie-a/squadre/atalanta/demiral/4332/2022-23/statistico
Duda,https://www.fantacalcio.it/serie-a/squadre/verona/duda/4342/2022-23/statistico
Gaetano,https://www.fantacalcio.it/serie-a/squadre/napoli/gaetano/4364/2022-23/statistico
Lazaro,https://www.fantacalcio.it/serie-a/squadre/torino/lazaro/4385/2022-23/statistico
Esposito Sa.,https://www.fantacalcio.it/serie-a/squadre/spezia/esposito-sa/4408/2022-23/statistico
Zortea,https://www.fantacalcio.it/serie-a/squadre/sassuolo/zortea/4433/2022-23/statistico
Lopez M.,https://www.fantacalcio.it/serie-a/squadre/sassuolo/lopez-m/4681/2022-23/statistico
Ampadu,https://www.fantacalcio.it/serie-a/squadre/spezia/ampadu/4719/2022-23/statistico
Tameze,https://www.fantacalcio.it/serie-a/squadre/verona/tameze/4890/2022-23/statistico
Pobega,https://www.fantacalcio.it/serie-a/squadre/milan/pobega/5298/2022-23/statistico
Shomurodov,https://www.fantacalcio.it/serie-a/squadre/spezia/shomurodov/5311/2022-23/statistico
Kallon,https://www.fantacalcio.it/serie-a/squadre/verona/kallon/5439/2022-23/statistico
Vasquez,https://www.fantacalcio.it/serie-a/squadre/cremonese/vasquez/5514/2022-23/statistico
Bradaric,https://www.fantacalcio.it/serie-a/squadre/salernitana/bradaric/5532/2022-23/statistico
Viti,https://www.fantacalcio.it/serie-a/squadre/empoli/viti/5718/2022-23/statistico
Aebischer,https://www.fantacalcio.it/serie-a/squadre/bologna/aebischer/5784/2022-23/statistico
Bohinen,https://www.fantacalcio.it/serie-a/squadre/salernitana/bohinen/5798/2022-23/statistico
Terracciano F.,https://www.fantacalcio.it/serie-a/squadre/verona/terracciano-f/5812/2022-23/statistico
Marcos Antonio,https://www.fantacalcio.it/serie-a/squadre/lazio/marcos-antonio/5834/2022-23/statistico
Alvarez A.,https://www.fantacalcio.it/serie-a/squadre/sassuolo/alvarez-a/5845/2022-23/statistico
Ranocchia F.,https://www.fantacalcio.it/serie-a/squadre/monza/ranocchia-f/5884/2022-23/statistico
Lochoshvili,https://www.fantacalcio.it/serie-a/squadre/cremonese/lochoshvili/6027/2022-23/statistico
Normann,https://www.fantacalcio.it/serie-a/squadre/lecce/normann/6033/2022-23/statistico
Ehizibue,https://www.fantacalcio.it/serie-a/squadre/udinese/ehizibue/6047/2022-23/statistico
Thiaw,https://www.fantacalcio.it/serie-a/squadre/milan/thiaw/6055/2022-23/statistico
Lasagna,https://www.fantacalcio.it/serie-a/squadre/verona/lasagna/90/2022-23/statistico
Tatarusanu,https://www.fantacalcio.it/serie-a/squadre/milan/tatarusanu/160/2022-23/statistico
D'Ambrosio,https://www.fantacalcio.it/serie-a/squadre/inter/d-ambrosio/253/2022-23/statistico
Medel,https://www.fantacalcio.it/serie-a/squadre/bologna/medel/272/2022-23/statistico
Paredes,https://www.fantacalcio.it/serie-a/squadre/juventus/paredes/468/2022-23/statistico
De Silvestri,https://www.fantacalcio.it/serie-a/squadre/bologna/de-silvestri/487/2022-23/statistico
Benassi,https://www.fantacalcio.it/serie-a/squadre/cremonese/benassi/557/2022-23/statistico
Machin,https://www.fantacalcio.it/serie-a/squadre/monza/machin/666/2022-23/statistico
Ceccherini,https://www.fantacalcio.it/serie-a/squadre/verona/ceccherini/1891/2022-23/statistico
Ferrari G.,https://www.fantacalcio.it/serie-a/squadre/sassuolo/ferrari-g/1895/2022-23/statistico
Vignato,https://www.fantacalcio.it/serie-a/squadre/empoli/vignato/2154/2022-23/statistico
Lykogiannis,https://www.fantacalcio.it/serie-a/squadre/bologna/lykogiannis/2653/2022-23/statistico
Colley,https://www.fantacalcio.it/serie-a/squadre/sampdoria/colley/2784/2022-23/statistico
Zanimacchia,https://www.fantacalcio.it/serie-a/squadre/cremonese/zanimacchia/2842/2022-23/statistico
Aina,https://www.fantacalcio.it/serie-a/squadre/torino/aina/2865/2022-23/statistico
Winks,https://www.fantacalcio.it/serie-a/squadre/sampdoria/winks/4260/2022-23/statistico
Ranieri L.,https://www.fantacalcio.it/serie-a/squadre/fiorentina/ranieri-l/4378/2022-23/statistico
Toljan,https://www.fantacalcio.it/serie-a/squadre/sassuolo/toljan/4426/2022-23/statistico
Gallo,https://www.fantacalcio.it/serie-a/squadre/lecce/gallo/4502/2022-23/statistico
Amrabat,https://www.fantacalcio.it/serie-a/squadre/fiorentina/amrabat/4522/2022-23/statistico
Bellanova,https://www.fantacalcio.it/serie-a/squadre/inter/bellanova/4887/2022-23/statistico
Soumaoro,https://www.fantacalcio.it/serie-a/squadre/bologna/soumaoro/4891/2022-23/statistico
Ismajli,https://www.fantacalcio.it/serie-a/squadre/empoli/ismajli/5010/2022-23/statistico
Ballo-Toure',https://www.fantacalcio.it/serie-a/squadre/milan/ballo-toure/5017/2022-23/statistico
Amione,https://www.fantacalcio.it/serie-a/squadre/sampdoria/amione/5316/2022-23/statistico
Maleh,https://www.fantacalcio.it/serie-a/squadre/lecce/maleh/5457/2022-23/statistico
Di Mariano,https://www.fantacalcio.it/serie-a/squadre/lecce/di-mariano/5494/2022-23/statistico
Henry,https://www.fantacalcio.it/serie-a/squadre/verona/henry/5529/2022-23/statistico
Basic,https://www.fantacalcio.it/serie-a/squadre/lazio/basic/5674/2022-23/statistico
Holm,https://www.fantacalcio.it/serie-a/squadre/spezia/holm/5678/2022-23/statistico
Gondo,https://www.fantacalcio.it/serie-a/squadre/cremonese/gondo/5714/2022-23/statistico
Volpato,https://www.fantacalcio.it/serie-a/squadre/roma/volpato/5735/2022-23/statistico
Gatti,https://www.fantacalcio.it/serie-a/squadre/juventus/gatti/5831/2022-23/statistico
Birindelli,https://www.fantacalcio.it/serie-a/squadre/monza/birindelli/5838/2022-23/statistico
Ebosele,https://www.fantacalcio.it/serie-a/squadre/udinese/ebosele/5848/2022-23/statistico
Sambia,https://www.fantacalcio.it/serie-a/squadre/salernitana/sambia/5856/2022-23/statistico
Vignato S.,https://www.fantacalcio.it/serie-a/squadre/monza/vignato-s/5879/2022-23/statistico
Fazzini,https://www.fantacalcio.it/serie-a/squadre/empoli/fazzini/6010/2022-23/statistico
Lucumi',https://www.fantacalcio.it/serie-a/squadre/bologna/lucumi/6042/2022-23/statistico
Ferrari A.,https://www.fantacalcio.it/serie-a/squadre/cremonese/ferrari-a/45/2022-23/statistico
Rincon,https://www.fantacalcio.it/serie-a/squadre/sampdoria/rincon/238/2022-23/statistico
Ranocchia,https://www.fantacalcio.it/serie-a/squadre/monza/ranocchia/261/2022-23/statistico
Zaza,https://www.fantacalcio.it/serie-a/squadre/torino/zaza/315/2022-23/statistico
Verre,https://www.fantacalcio.it/serie-a/squadre/sampdoria/verre/600/2022-23/statistico
Chiriches,https://www.fantacalcio.it/serie-a/squadre/cremonese/chiriches/640/2022-23/statistico
Pereira P.,https://www.fantacalcio.it/serie-a/squadre/monza/pereira-p/729/2022-23/statistico
Cordaz,https://www.fantacalcio.it/serie-a/squadre/inter/cordaz/1889/2022-23/statistico
Djuricic,https://www.fantacalcio.it/serie-a/squadre/sampdoria/djuricic/1995/2022-23/statistico
Palomino,https://www.fantacalcio.it/serie-a/squadre/atalanta/palomino/2181/2022-23/statistico
Bonifazi,https://www.fantacalcio.it/serie-a/squadre/bologna/bonifazi/2192/2022-23/statistico
Lazzari,https://www.fantacalcio.it/serie-a/squadre/lazio/lazzari/2263/2022-23/statistico
Nuytinck,https://www.fantacalcio.it/serie-a/squadre/sampdoria/nuytinck/2280/2022-23/statistico
Gunter,https://www.fantacalcio.it/serie-a/squadre/sampdoria/gunter/2758/2022-23/statistico
Magnani,https://www.fantacalcio.it/serie-a/squadre/verona/magnani/2769/2022-23/statistico
Ndombele',https://www.fantacalcio.it/serie-a/squadre/napoli/ndombele/4143/2022-23/statistico
Arthur Melo,https://www.fantacalcio.it/serie-a/squadre/juventus/arthur-melo/4285/2022-23/statistico
Zeegelaar,https://www.fantacalcio.it/serie-a/squadre/udinese/zeegelaar/4323/2022-23/statistico
Nicolussi Caviglia,https://www.fantacalcio.it/serie-a/squadre/salernitana/nicolussi-caviglia/4349/2022-23/statistico
Igor,https://www.fantacalcio.it/serie-a/squadre/fiorentina/igor/4407/2022-23/statistico
Majer,https://www.fantacalcio.it/serie-a/squadre/lecce/majer/4475/2022-23/statistico
Dawidowicz,https://www.fantacalcio.it/serie-a/squadre/verona/dawidowicz/4493/2022-23/statistico
Henderson L.,https://www.fantacalcio.it/serie-a/squadre/empoli/henderson-l/4498/2022-23/statistico
Celik,https://www.fantacalcio.it/serie-a/squadre/roma/celik/4657/2022-23/statistico
Cuisance,https://www.fantacalcio.it/serie-a/squadre/sampdoria/cuisance/4701/2022-23/statistico
Carles Perez,https://www.fantacalcio.it/serie-a/squadre/roma/carles-perez/4884/2022-23/statistico
Villar,https://www.fantacalcio.it/serie-a/squadre/sampdoria/villar/4885/2022-23/statistico
Zoet,https://www.fantacalcio.it/serie-a/squadre/spezia/zoet/5005/2022-23/statistico
Stojanovic,https://www.fantacalcio.it/serie-a/squadre/empoli/stojanovic/5450/2022-23/statistico
Amian,https://www.fantacalcio.it/serie-a/squadre/spezia/amian/5475/2022-23/statistico
Daniliuc,https://www.fantacalcio.it/serie-a/squadre/salernitana/daniliuc/5554/2022-23/statistico
Strelec,https://www.fantacalcio.it/serie-a/squadre/spezia/strelec/5690/2022-23/statistico
Ceide,https://www.fantacalcio.it/serie-a/squadre/sassuolo/ceide/5776/2022-23/statistico
Kasius,https://www.fantacalcio.it/serie-a/squadre/bologna/kasius/5793/2022-23/statistico
Seck,https://www.fantacalcio.it/serie-a/squadre/torino/seck/5806/2022-23/statistico
Svilar,https://www.fantacalcio.it/serie-a/squadre/roma/svilar/5841/2022-23/statistico
Pickel,https://www.fantacalcio.it/serie-a/squadre/cremonese/pickel/5857/2022-23/statistico
Bistrovic,https://www.fantacalcio.it/serie-a/squadre/lecce/bistrovic/5886/2022-23/statistico
Aiwu,https://www.fantacalcio.it/serie-a/squadre/cremonese/aiwu/6002/2022-23/statistico
Tahirovic,https://www.fantacalcio.it/serie-a/squadre/roma/tahirovic/6117/2022-23/statistico
Wisniewski,https://www.fantacalcio.it/serie-a/squadre/spezia/wisniewski/6153/2022-23/statistico
Ghiglione,https://www.fantacalcio.it/serie-a/squadre/cremonese/ghiglione/244/2022-23/statistico
Rugani,https://www.fantacalcio.it/serie-a/squadre/juventus/rugani/294/2022-23/statistico
De Sciglio,https://www.fantacalcio.it/serie-a/squadre/juventus/de-sciglio/358/2022-23/statistico
Bianchetti,https://www.fantacalcio.it/serie-a/squadre/cremonese/bianchetti/612/2022-23/statistico
Alex Sandro,https://www.fantacalcio.it/serie-a/squadre/juventus/alex-sandro/662/2022-23/statistico
Radu I.,https://www.fantacalcio.it/serie-a/squadre/cremonese/radu-i/1843/2022-23/statistico
Murru,https://www.fantacalcio.it/serie-a/squadre/sampdoria/murru/1868/2022-23/statistico
Sampirisi,https://www.fantacalcio.it/serie-a/squadre/monza/sampirisi/1898/2022-23/statistico
Mazzitelli,https://www.fantacalcio.it/serie-a/squadre/monza/mazzitelli/1976/2022-23/statistico
Miguel Veloso,https://www.fantacalcio.it/serie-a/squadre/verona/miguel-veloso/2011/2022-23/statistico
Bereszynski,https://www.fantacalcio.it/serie-a/squadre/napoli/bereszynski/2104/2022-23/statistico
Hateboer,https://www.fantacalcio.it/serie-a/squadre/atalanta/hateboer/2130/2022-23/statistico
Venuti,https://www.fantacalcio.it/serie-a/squadre/fiorentina/venuti/2174/2022-23/statistico
Gravillon,https://www.fantacalcio.it/serie-a/squadre/torino/gravillon/2184/2022-23/statistico
Ounas,https://www.fantacalcio.it/serie-a/squadre/napoli/ounas/2195/2022-23/statistico
Leverbe,https://www.fantacalcio.it/serie-a/squadre/sampdoria/leverbe/2300/2022-23/statistico
Hristov,https://www.fantacalcio.it/serie-a/squadre/spezia/hristov/2312/2022-23/statistico
Marlon,https://www.fantacalcio.it/serie-a/squadre/monza/marlon/2355/2022-23/statistico
Ribery,https://www.fantacalcio.it/serie-a/squadre/salernitana/ribery/2409/2022-23/statistico
Ibrahimovic,https://www.fantacalcio.it/serie-a/squadre/milan/ibrahimovic/2530/2022-23/statistico
Kjaer,https://www.fantacalcio.it/serie-a/squadre/milan/kjaer/2633/2022-23/statistico
Pellegrini Lu.,https://www.fantacalcio.it/serie-a/squadre/lazio/pellegrini-lu/2728/2022-23/statistico
Calabresi,https://www.fantacalcio.it/serie-a/squadre/lecce/calabresi/2745/2022-23/statistico
Walukiewicz,https://www.fantacalcio.it/serie-a/squadre/empoli/walukiewicz/4374/2022-23/statistico
Zurkowski,https://www.fantacalcio.it/serie-a/squadre/spezia/zurkowski/4376/2022-23/statistico
Okoli,https://www.fantacalcio.it/serie-a/squadre/atalanta/okoli/4432/2022-23/statistico
Obiang,https://www.fantacalcio.it/serie-a/squadre/sassuolo/obiang/4501/2022-23/statistico
Benkovic,https://www.fantacalcio.it/serie-a/squadre/udinese/benkovic/4758/2022-23/statistico
Askildsen,https://www.fantacalcio.it/serie-a/squadre/lecce/askildsen/4921/2022-23/statistico
Lovato,https://www.fantacalcio.it/serie-a/squadre/salernitana/lovato/4934/2022-23/statistico
Frabotta,https://www.fantacalcio.it/serie-a/squadre/lecce/frabotta/4946/2022-23/statistico
Escalante,https://www.fantacalcio.it/serie-a/squadre/cremonese/escalante/4975/2022-23/statistico
Ayhan,https://www.fantacalcio.it/serie-a/squadre/sassuolo/ayhan/4979/2022-23/statistico
Erlic,https://www.fantacalcio.it/serie-a/squadre/sassuolo/erlic/4982/2022-23/statistico
Kovalenko,https://www.fantacalcio.it/serie-a/squadre/spezia/kovalenko/5397/2022-23/statistico
Ceccaroni,https://www.fantacalcio.it/serie-a/squadre/lecce/ceccaroni/5479/2022-23/statistico
Crnigoj,https://www.fantacalcio.it/serie-a/squadre/salernitana/crnigoj/5486/2022-23/statistico
Antiste,https://www.fantacalcio.it/serie-a/squadre/sassuolo/antiste/5673/2022-23/statistico
Afena-Gyan,https://www.fantacalcio.it/serie-a/squadre/cremonese/afena-gyan/5728/2022-23/statistico
Coppola D.,https://www.fantacalcio.it/serie-a/squadre/verona/coppola-d/5764/2022-23/statistico
Pyyhtia,https://www.fantacalcio.it/serie-a/squadre/bologna/pyyhtia/5772/2022-23/statistico
Cacace,https://www.fantacalcio.it/serie-a/squadre/empoli/cacace/5804/2022-23/statistico
Ravanelli,https://www.fantacalcio.it/serie-a/squadre/cremonese/ravanelli/5860/2022-23/statistico
Gytkjaer,https://www.fantacalcio.it/serie-a/squadre/monza/gytkjaer/5881/2022-23/statistico
Quagliata,https://www.fantacalcio.it/serie-a/squadre/cremonese/quagliata/5891/2022-23/statistico
Abankwah,https://www.fantacalcio.it/serie-a/squadre/udinese/abankwah/6021/2022-23/statistico
Guessand A.,https://www.fantacalcio.it/serie-a/squadre/udinese/guessand-a/6023/2022-23/statistico
Sulemana I.,https://www.fantacalcio.it/serie-a/squadre/verona/sulemana-i/6024/2022-23/statistico
Cabal,https://www.fantacalcio.it/serie-a/squadre/verona/cabal/6039/2022-23/statistico
Camara Ma.,https://www.fantacalcio.it/serie-a/squadre/roma/camara-ma/6058/2022-23/statistico
Abildgaard,https://www.fantacalcio.it/serie-a/squadre/verona/abildgaard/6162/2022-23/statistico
Sarr M.,https://www.fantacalcio.it/serie-a/squadre/cremonese/sarr-m/42/2022-23/statistico
Oikonomou,https://www.fantacalcio.it/serie-a/squadre/sampdoria/oikonomou/52/2022-23/statistico
Gagliolo,https://www.fantacalcio.it/serie-a/squadre/salernitana/gagliolo/73/2022-23/statistico
Radovanovic,https://www.fantacalcio.it/serie-a/squadre/salernitana/radovanovic/118/2022-23/statistico
Dermaku,https://www.fantacalcio.it/serie-a/squadre/lecce/dermaku/139/2022-23/statistico
Tonelli,https://www.fantacalcio.it/serie-a/squadre/empoli/tonelli/144/2022-23/statistico
Murillo,https://www.fantacalcio.it/serie-a/squadre/sampdoria/murillo/259/2022-23/statistico
Jajalo,https://www.fantacalcio.it/serie-a/squadre/udinese/jajalo/434/2022-23/statistico
Destro,https://www.fantacalcio.it/serie-a/squadre/empoli/destro/472/2022-23/statistico
Pegolo,https://www.fantacalcio.it/serie-a/squadre/sassuolo/pegolo/510/2022-23/statistico
Pezzella Giu.,https://www.fantacalcio.it/serie-a/squadre/lecce/pezzella-giu/770/2022-23/statistico
Gagliardini,https://www.fantacalcio.it/serie-a/squadre/inter/gagliardini/801/2022-23/statistico
Pjaca,https://www.fantacalcio.it/serie-a/squadre/empoli/pjaca/1998/2022-23/statistico
Fazio,https://www.fantacalcio.it/serie-a/squadre/salernitana/fazio/2016/2022-23/statistico
Karsdorp,https://www.fantacalcio.it/serie-a/squadre/roma/karsdorp/2180/2022-23/statistico
Marchizza,https://www.fantacalcio.it/serie-a/squadre/sassuolo/marchizza/2252/2022-23/statistico
Valoti,https://www.fantacalcio.it/serie-a/squadre/monza/valoti/2274/2022-23/statistico
Romagna,https://www.fantacalcio.it/serie-a/squadre/sassuolo/romagna/2279/2022-23/statistico
Donati,https://www.fantacalcio.it/serie-a/squadre/monza/donati/2446/2022-23/statistico
Bakayoko,https://www.fantacalcio.it/serie-a/squadre/milan/bakayoko/2639/2022-23/statistico
Retsos,https://www.fantacalcio.it/serie-a/squadre/verona/retsos/2668/2022-23/statistico
Dijks,https://www.fantacalcio.it/serie-a/squadre/bologna/dijks/2746/2022-23/statistico
Gabbia,https://www.fantacalcio.it/serie-a/squadre/milan/gabbia/4401/2022-23/statistico
Di Carmine,https://www.fantacalcio.it/serie-a/squadre/cremonese/di-carmine/4500/2022-23/statistico
Tuia,https://www.fantacalcio.it/serie-a/squadre/lecce/tuia/4960/2022-23/statistico
Ravaglia,https://www.fantacalcio.it/serie-a/squadre/sampdoria/ravaglia/4977/2022-23/statistico
Ferrer,https://www.fantacalcio.it/serie-a/squadre/spezia/ferrer/4983/2022-23/statistico
Maggiore,https://www.fantacalcio.it/serie-a/squadre/salernitana/maggiore/4988/2022-23/statistico
Dest,https://www.fantacalcio.it/serie-a/squadre/milan/dest/5313/2022-23/statistico
Ruggeri,https://www.fantacalcio.it/serie-a/squadre/atalanta/ruggeri/5354/2022-23/statistico
Antov,https://www.fantacalcio.it/serie-a/squadre/monza/antov/5399/2022-23/statistico
Pongracic,https://www.fantacalcio.it/serie-a/squadre/lecce/pongracic/5603/2022-23/statistico
Soppy,https://www.fantacalcio.it/serie-a/squadre/atalanta/soppy/5686/2022-23/statistico
Asllani,https://www.fantacalcio.it/serie-a/squadre/inter/asllani/5719/2022-23/statistico
Tressoldi,https://www.fantacalcio.it/serie-a/squadre/sassuolo/tressoldi/5747/2022-23/statistico
Ostigard,https://www.fantacalcio.it/serie-a/squadre/napoli/ostigard/5750/2022-23/statistico
Sabiri,https://www.fantacalcio.it/serie-a/squadre/sampdoria/sabiri/5788/2022-23/statistico
Cisse',https://www.fantacalcio.it/serie-a/squadre/atalanta/cisse/5814/2022-23/statistico
Gila,https://www.fantacalcio.it/serie-a/squadre/lazio/gila/5833/2022-23/statistico
Valencia D.,https://www.fantacalcio.it/serie-a/squadre/salernitana/valencia-d/5843/2022-23/statistico
Bayeye,https://www.fantacalcio.it/serie-a/squadre/torino/bayeye/5846/2022-23/statistico
Strizzolo,https://www.fantacalcio.it/serie-a/squadre/cremonese/strizzolo/5865/2022-23/statistico
Zerbin,https://www.fantacalcio.it/serie-a/squadre/napoli/zerbin/5998/2022-23/statistico
Ilkhan,https://www.fantacalcio.it/serie-a/squadre/sampdoria/ilkhan/6005/2022-23/statistico
Barbieri,https://www.fantacalcio.it/serie-a/squadre/juventus/barbieri/6013/2022-23/statistico
Bronn,https://www.fantacalcio.it/serie-a/squadre/salernitana/bronn/6028/2022-23/statistico
Hendry,https://www.fantacalcio.it/serie-a/squadre/cremonese/hendry/6064/2022-23/statistico
Paoletti,https://www.fantacalcio.it/serie-a/squadre/sampdoria/paoletti/6131/2022-23/statistico
Turk,https://www.fantacalcio.it/serie-a/squadre/sampdoria/turk/6135/2022-23/statistico
Cipot,https://www.fantacalcio.it/serie-a/squadre/spezia/cipot/6142/2022-23/statistico
Malagrida,https://www.fantacalcio.it/serie-a/squadre/sampdoria/malagrida/6157/2022-23/statistico
Conti,https://www.fantacalcio.it/serie-a/squadre/sampdoria/conti/11/2022-23/statistico
D'Alessandro,https://www.fantacalcio.it/serie-a/squadre/monza/d-alessandro/21/2022-23/statistico
Mirante,https://www.fantacalcio.it/serie-a/squadre/milan/mirante/41/2022-23/statistico
Mbaye,https://www.fantacalcio.it/serie-a/squadre/bologna/mbaye/50/2022-23/statistico
Diawara,https://www.fantacalcio.it/serie-a/squadre/roma/diawara/58/2022-23/statistico
Romagnoli S.,https://www.fantacalcio.it/serie-a/squadre/lecce/romagnoli-s/76/2022-23/statistico
Marrone,https://www.fantacalcio.it/serie-a/squadre/monza/marrone/84/2022-23/statistico
Capezzi,https://www.fantacalcio.it/serie-a/squadre/salernitana/capezzi/173/2022-23/statistico
Lamanna,https://www.fantacalcio.it/serie-a/squadre/monza/lamanna/217/2022-23/statistico
Ujkani,https://www.fantacalcio.it/serie-a/squadre/empoli/ujkani/220/2022-23/statistico
Berisha,https://www.fantacalcio.it/serie-a/squadre/torino/berisha/316/2022-23/statistico
Marchetti,https://www.fantacalcio.it/serie-a/squadre/spezia/marchetti/318/2022-23/statistico
Radu,https://www.fantacalcio.it/serie-a/squadre/lazio/radu/329/2022-23/statistico
Paletta,https://www.fantacalcio.it/serie-a/squadre/monza/paletta/360/2022-23/statistico
Capradossi,https://www.fantacalcio.it/serie-a/squadre/spezia/capradossi/454/2022-23/statistico
Florenzi,https://www.fantacalcio.it/serie-a/squadre/milan/florenzi/464/2022-23/statistico
Perilli,https://www.fantacalcio.it/serie-a/squadre/verona/perilli/511/2022-23/statistico
Padelli,https://www.fantacalcio.it/serie-a/squadre/udinese/padelli/543/2022-23/statistico
Sala,https://www.fantacalcio.it/serie-a/squadre/spezia/sala/630/2022-23/statistico
Fares,https://www.fantacalcio.it/serie-a/squadre/lazio/fares/633/2022-23/statistico
Baez,https://www.fantacalcio.it/serie-a/squadre/cremonese/baez/694/2022-23/statistico
Bardi,https://www.fantacalcio.it/serie-a/squadre/bologna/bardi/799/2022-23/statistico
Edera,https://www.fantacalcio.it/serie-a/squadre/torino/edera/1839/2022-23/statistico
Caldara,https://www.fantacalcio.it/serie-a/squadre/spezia/caldara/1847/2022-23/statistico
Molina S.,https://www.fantacalcio.it/serie-a/squadre/monza/molina-s/1851/2022-23/statistico
Barberis,https://www.fantacalcio.it/serie-a/squadre/monza/barberis/1901/2022-23/statistico
Pinsoglio,https://www.fantacalcio.it/serie-a/squadre/juventus/pinsoglio/1930/2022-23/statistico
Fiorillo,https://www.fantacalcio.it/serie-a/squadre/salernitana/fiorillo/1947/2022-23/statistico
Veseli,https://www.fantacalcio.it/serie-a/squadre/salernitana/veseli/2064/2022-23/statistico
Satalino,https://www.fantacalcio.it/serie-a/squadre/sassuolo/satalino/2127/2022-23/statistico
Cragno,https://www.fantacalcio.it/serie-a/squadre/monza/cragno/2178/2022-23/statistico
Sirigu,https://www.fantacalcio.it/serie-a/squadre/fiorentina/sirigu/2179/2022-23/statistico
Jaroszynski,https://www.fantacalcio.it/serie-a/squadre/salernitana/jaroszynski/2208/2022-23/statistico
Crociata,https://www.fantacalcio.it/serie-a/squadre/empoli/crociata/2286/2022-23/statistico
Rossi F.,https://www.fantacalcio.it/serie-a/squadre/atalanta/rossi-f/2297/2022-23/statistico
Nastasic,https://www.fantacalcio.it/serie-a/squadre/fiorentina/nastasic/2453/2022-23/statistico
Ravaglia F.,https://www.fantacalcio.it/serie-a/squadre/bologna/ravaglia-f/2722/2022-23/statistico
Bettella,https://www.fantacalcio.it/serie-a/squadre/monza/bettella/2737/2022-23/statistico
Valzania,https://www.fantacalcio.it/serie-a/squadre/cremonese/valzania/2742/2022-23/statistico
Rosati,https://www.fantacalcio.it/serie-a/squadre/fiorentina/rosati/2790/2022-23/statistico
Scozzarella,https://www.fantacalcio.it/serie-a/squadre/monza/scozzarella/2804/2022-23/statistico
Pussetto,https://www.fantacalcio.it/serie-a/squadre/sampdoria/pussetto/2826/2022-23/statistico
Kingsley,https://www.fantacalcio.it/serie-a/squadre/bologna/kingsley/2835/2022-23/statistico
Contini,https://www.fantacalcio.it/serie-a/squadre/sampdoria/contini/2845/2022-23/statistico
Vieira,https://www.fantacalcio.it/serie-a/squadre/torino/vieira/2855/2022-23/statistico
Brancolini,https://www.fantacalcio.it/serie-a/squadre/lecce/brancolini/4351/2022-23/statistico
Agoume,https://www.fantacalcio.it/serie-a/squadre/inter/agoume/4411/2022-23/statistico
Cassandro,https://www.fantacalcio.it/serie-a/squadre/lecce/cassandro/4438/2022-23/statistico
Bleve,https://www.fantacalcio.it/serie-a/squadre/lecce/bleve/4468/2022-23/statistico
Berardi A.,https://www.fantacalcio.it/serie-a/squadre/verona/berardi-a/4491/2022-23/statistico
Kumbulla,https://www.fantacalcio.it/serie-a/squadre/roma/kumbulla/4495/2022-23/statistico
Russo A.,https://www.fantacalcio.it/serie-a/squadre/sassuolo/russo-a/4518/2022-23/statistico
Cetin,https://www.fantacalcio.it/serie-a/squadre/lecce/cetin/4519/2022-23/statistico
Muldur,https://www.fantacalcio.it/serie-a/squadre/sassuolo/muldur/4521/2022-23/statistico
Gemello,https://www.fantacalcio.it/serie-a/squadre/torino/gemello/4525/2022-23/statistico
Demme,https://www.fantacalcio.it/serie-a/squadre/napoli/demme/4725/2022-23/statistico
Adopo,https://www.fantacalcio.it/serie-a/squadre/torino/adopo/4870/2022-23/statistico
Carboni A.,https://www.fantacalcio.it/serie-a/squadre/monza/carboni-a/4925/2022-23/statistico
Moro,https://www.fantacalcio.it/serie-a/squadre/lazio/moro/4938/2022-23/statistico
Horvath,https://www.fantacalcio.it/serie-a/squadre/torino/horvath/4943/2022-23/statistico
Calafiori,https://www.fantacalcio.it/serie-a/squadre/roma/calafiori/4945/2022-23/statistico
Vignali,https://www.fantacalcio.it/serie-a/squadre/spezia/vignali/4985/2022-23/statistico
Bartolomei,https://www.fantacalcio.it/serie-a/squadre/cremonese/bartolomei/4987/2022-23/statistico
Boer,https://www.fantacalcio.it/serie-a/squadre/roma/boer/5304/2022-23/statistico
Leo' Sena,https://www.fantacalcio.it/serie-a/squadre/spezia/leo-sena/5312/2022-23/statistico
Gasparini,https://www.fantacalcio.it/serie-a/squadre/udinese/gasparini/5333/2022-23/statistico
Oddei,https://www.fantacalcio.it/serie-a/squadre/sassuolo/oddei/5378/2022-23/statistico
Kokorin,https://www.fantacalcio.it/serie-a/squadre/fiorentina/kokorin/5391/2022-23/statistico
Braaf,https://www.fantacalcio.it/serie-a/squadre/verona/braaf/5395/2022-23/statistico
Darboe,https://www.fantacalcio.it/serie-a/squadre/roma/darboe/5420/2022-23/statistico
Amey,https://www.fantacalcio.it/serie-a/squadre/bologna/amey/5424/2022-23/statistico
Urbanski,https://www.fantacalcio.it/serie-a/squadre/bologna/urbanski/5425/2022-23/statistico
Raimondo,https://www.fantacalcio.it/serie-a/squadre/bologna/raimondo/5436/2022-23/statistico
Bertini,https://www.fantacalcio.it/serie-a/squadre/lazio/bertini/5442/2022-23/statistico
Cortinovis,https://www.fantacalcio.it/serie-a/squadre/verona/cortinovis/5444/2022-23/statistico
Furlan,https://www.fantacalcio.it/serie-a/squadre/empoli/furlan/5448/2022-23/statistico
Ferrarini,https://www.fantacalcio.it/serie-a/squadre/monza/ferrarini/5456/2022-23/statistico
Kamenovic,https://www.fantacalcio.it/serie-a/squadre/lazio/kamenovic/5461/2022-23/statistico
Cavion,https://www.fantacalcio.it/serie-a/squadre/salernitana/cavion/5468/2022-23/statistico
Kristoffersen,https://www.fantacalcio.it/serie-a/squadre/salernitana/kristoffersen/5472/2022-23/statistico
Kornvig,https://www.fantacalcio.it/serie-a/squadre/spezia/kornvig/5476/2022-23/statistico
Hongla,https://www.fantacalcio.it/serie-a/squadre/verona/hongla/5499/2022-23/statistico
Cancellieri,https://www.fantacalcio.it/serie-a/squadre/lazio/cancellieri/5500/2022-23/statistico
Adamonis,https://www.fantacalcio.it/serie-a/squadre/lazio/adamonis/5502/2022-23/statistico
Kechrida,https://www.fantacalcio.it/serie-a/squadre/salernitana/kechrida/5503/2022-23/statistico
Kaio Jorge,https://www.fantacalcio.it/serie-a/squadre/juventus/kaio-jorge/5505/2022-23/statistico
Vina,https://www.fantacalcio.it/serie-a/squadre/roma/vina/5509/2022-23/statistico
Romero L.,https://www.fantacalcio.it/serie-a/squadre/lazio/romero-l/5510/2022-23/statistico
De Luca,https://www.fantacalcio.it/serie-a/squadre/sampdoria/de-luca/5512/2022-23/statistico
Bianco,https://www.fantacalcio.it/serie-a/squadre/fiorentina/bianco/5516/2022-23/statistico
Yepes,https://www.fantacalcio.it/serie-a/squadre/sampdoria/yepes/5517/2022-23/statistico
Marfella,https://www.fantacalcio.it/serie-a/squadre/napoli/marfella/5518/2022-23/statistico
Sher,https://www.fantacalcio.it/serie-a/squadre/spezia/sher/5519/2022-23/statistico
Zovko,https://www.fantacalcio.it/serie-a/squadre/spezia/zovko/5528/2022-23/statistico
Vranckx,https://www.fantacalcio.it/serie-a/squadre/milan/vranckx/5610/2022-23/statistico
Molla,https://www.fantacalcio.it/serie-a/squadre/bologna/molla/5682/2022-23/statistico
Zima,https://www.fantacalcio.it/serie-a/squadre/torino/zima/5691/2022-23/statistico
Russo,https://www.fantacalcio.it/serie-a/squadre/salernitana/russo/5704/2022-23/statistico
Piana,https://www.fantacalcio.it/serie-a/squadre/udinese/piana/5707/2022-23/statistico
Podgoreanu,https://www.fantacalcio.it/serie-a/squadre/spezia/podgoreanu/5716/2022-23/statistico
Nguiamba,https://www.fantacalcio.it/serie-a/squadre/spezia/nguiamba/5722/2022-23/statistico
De Winter,https://www.fantacalcio.it/serie-a/squadre/empoli/de-winter/5739/2022-23/statistico
Zanotti,https://www.fantacalcio.it/serie-a/squadre/inter/zanotti/5740/2022-23/statistico
Motoc,https://www.fantacalcio.it/serie-a/squadre/salernitana/motoc/5762/2022-23/statistico
Lazetic,https://www.fantacalcio.it/serie-a/squadre/milan/lazetic/5785/2022-23/statistico
Praszelik,https://www.fantacalcio.it/serie-a/squadre/verona/praszelik/5789/2022-23/statistico
Mikael,https://www.fantacalcio.it/serie-a/squadre/salernitana/mikael/5802/2022-23/statistico
Trimboli,https://www.fantacalcio.it/serie-a/squadre/sampdoria/trimboli/5810/2022-23/statistico
Bertola,https://www.fantacalcio.it/serie-a/squadre/spezia/bertola/5820/2022-23/statistico
Bagnolini,https://www.fantacalcio.it/serie-a/squadre/bologna/bagnolini/5822/2022-23/statistico
Pafundi,https://www.fantacalcio.it/serie-a/squadre/udinese/pafundi/5824/2022-23/statistico
Milanese,https://www.fantacalcio.it/serie-a/squadre/cremonese/milanese/5829/2022-23/statistico
Luis Maximiano,https://www.fantacalcio.it/serie-a/squadre/lazio/luis-maximiano/5832/2022-23/statistico
Voelkerling Persson,https://www.fantacalcio.it/serie-a/squadre/lecce/voelkerling-persson/5837/2022-23/statistico
Buta,https://www.fantacalcio.it/serie-a/squadre/udinese/buta/5849/2022-23/statistico
Sorrentino A.,https://www.fantacalcio.it/serie-a/squadre/monza/sorrentino-a/5853/2022-23/statistico
Tenkorang,https://www.fantacalcio.it/serie-a/squadre/cremonese/tenkorang/5855/2022-23/statistico
Ndiaye,https://www.fantacalcio.it/serie-a/squadre/cremonese/ndiaye/5859/2022-23/statistico
Fiordaliso,https://www.fantacalcio.it/serie-a/squadre/cremonese/fiordaliso/5861/2022-23/statistico
Bjorkengren,https://www.fantacalcio.it/serie-a/squadre/lecce/bjorkengren/5868/2022-23/statistico
Helgason,https://www.fantacalcio.it/serie-a/squadre/lecce/helgason/5872/2022-23/statistico
Listkowski,https://www.fantacalcio.it/serie-a/squadre/lecce/listkowski/5873/2022-23/statistico
Rodriguez P.,https://www.fantacalcio.it/serie-a/squadre/lecce/rodriguez-p/5874/2022-23/statistico
Adli,https://www.fantacalcio.it/serie-a/squadre/milan/adli/5875/2022-23/statistico
Ciezkowski,https://www.fantacalcio.it/serie-a/squadre/cremonese/ciezkowski/5887/2022-23/statistico
Casadei,https://www.fantacalcio.it/serie-a/squadre/inter/casadei/5888/2022-23/statistico
Micai,https://www.fantacalcio.it/serie-a/squadre/salernitana/micai/5889/2022-23/statistico
Chiesa M.,https://www.fantacalcio.it/serie-a/squadre/verona/chiesa-m/5890/2022-23/statistico
Hrustic,https://www.fantacalcio.it/serie-a/squadre/verona/hrustic/5947/2022-23/statistico
Bondo,https://www.fantacalcio.it/serie-a/squadre/monza/bondo/5992/2022-23/statistico
Ebosse,https://www.fantacalcio.it/serie-a/squadre/udinese/ebosse/5994/2022-23/statistico
Samek,https://www.fantacalcio.it/serie-a/squadre/lecce/samek/5996/2022-23/statistico
Degli Innocenti,https://www.fantacalcio.it/serie-a/squadre/empoli/degli-innocenti/6009/2022-23/statistico
Acella,https://www.fantacalcio.it/serie-a/squadre/cremonese/acella/6012/2022-23/statistico
Tripi,https://www.fantacalcio.it/serie-a/squadre/roma/tripi/6017/2022-23/statistico
D'Andrea,https://www.fantacalcio.it/serie-a/squadre/sassuolo/d-andrea/6019/2022-23/statistico
Ellertsson,https://www.fantacalcio.it/serie-a/squadre/spezia/ellertsson/6020/2022-23/statistico
Saro,https://www.fantacalcio.it/serie-a/squadre/cremonese/saro/6029/2022-23/statistico
Sosa,https://www.fantacalcio.it/serie-a/squadre/bologna/sosa/6043/2022-23/statistico
Guarino,https://www.fantacalcio.it/serie-a/squadre/empoli/guarino/6056/2022-23/statistico
Garbett,https://www.fantacalcio.it/serie-a/squadre/torino/garbett/6057/2022-23/statistico
Sanca,https://www.fantacalcio.it/serie-a/squadre/spezia/sanca/6063/2022-23/statistico
Carboni V.,https://www.fantacalcio.it/serie-a/squadre/inter/carboni-v/6106/2022-23/statistico
Montevago,https://www.fantacalcio.it/serie-a/squadre/sampdoria/montevago/6113/2022-23/statistico
Moutinho J.,https://www.fantacalcio.it/serie-a/squadre/spezia/moutinho-j/6118/2022-23/statistico
Vasquez D.,https://www.fantacalcio.it/serie-a/squadre/milan/vasquez-d/6125/2022-23/statistico
Zeefuik,https://www.fantacalcio.it/serie-a/squadre/verona/zeefuik/6139/2022-23/statistico
Krollis,https://www.fantacalcio.it/serie-a/squadre/spezia/krollis/6143/2022-23/statistico
Carboni F.,https://www.fantacalcio.it/serie-a/squadre/monza/carboni-f/6149/2022-23/statistico
Vivaldo,https://www.fantacalcio.it/serie-a/squadre/udinese/vivaldo/6160/2022-23/statistico
Faticanti,https://www.fantacalcio.it/serie-a/squadre/roma/faticanti/6168/2022-23/statistico
Gineitis,https://www.fantacalcio.it/serie-a/squadre/torino/gineitis/6170/2022-23/statistico
Vorlicky,https://www.fantacalcio.it/serie-a/squadre/atalanta/vorlicky/6172/2022-23/statistico
Barrenechea,https://www.fantacalcio.it/serie-a/squadre/juventus/barrenechea/6175/2022-23/statistico
Martinelli T.,https://www.fantacalcio.it/serie-a/squadre/fiorentina/martinelli-t/6184/2022-23/statistico
