Martinez L.,https://www.fantacalcio.it/serie-a/squadre/inter/martinez-l/2764/2024-25/statistico
Vlahovic,https://www.fantacalcio.it/serie-a/squadre/juventus/vlahovic/2841/2024-25/statistico
Osimhen,https://www.fantacalcio.it/serie-a/squadre/napoli/osimhen/4661/2024-25/statistico
Dybala,https://www.fantacalcio.it/serie-a/squadre/roma/dybala/309/2024-25/statistico
Lukaku,https://www.fantacalcio.it/serie-a/squadre/napoli/lukaku/2531/2024-25/statistico
Thuram,https://www.fantacalcio.it/serie-a/squadre/inter/thuram/4871/2024-25/statistico
Pulisic,https://www.fantacalcio.it/serie-a/squadre/milan/pulisic/2423/2024-25/statistico
Kvaratskhelia,https://www.fantacalcio.it/serie-a/squadre/napoli/kvaratskhelia/5839/2024-25/statistico
Dovbyk,https://www.fantacalcio.it/serie-a/squadre/roma/dovbyk/6675/2024-25/statistico
Calhanoglu,https://www.fantacalcio.it/serie-a/squadre/inter/calhanoglu/2194/2024-25/statistico
Koopmeiners,https://www.fantacalcio.it/serie-a/squadre/juventus/koopmeiners/5685/2024-25/statistico
Zaccagni,https://www.fantacalcio.it/serie-a/squadre/lazio/zaccagni/632/2024-25/statistico
Scamacca,https://www.fantacalcio.it/serie-a/squadre/atalanta/scamacca/2137/2024-25/statistico
Lookman,https://www.fantacalcio.it/serie-a/squadre/atalanta/lookman/4730/2024-25/statistico
Morata,https://www.fantacalcio.it/serie-a/squadre/milan/morata/313/2024-25/statistico
Zapata D.,https://www.fantacalcio.it/serie-a/squadre/torino/zapata-d/608/2024-25/statistico
Gudmundsson A.,https://www.fantacalcio.it/serie-a/squadre/fiorentina/gudmundsson-a/5800/2024-25/statistico
Dimarco,https://www.fantacalcio.it/serie-a/squadre/inter/dimarco/254/2024-25/statistico
Gonzalez N.,https://www.fantacalcio.it/serie-a/squadre/juventus/gonzalez-n/4179/2024-25/statistico
Leao,https://www.fantacalcio.it/serie-a/squadre/milan/leao/4510/2024-25/statistico
Politano,https://www.fantacalcio.it/serie-a/squadre/napoli/politano/536/2024-25/statistico
Retegui,https://www.fantacalcio.it/serie-a/squadre/atalanta/retegui/6228/2024-25/statistico
Colpani,https://www.fantacalcio.it/serie-a/squadre/fiorentina/colpani/5878/2024-25/statistico
Castellanos,https://www.fantacalcio.it/serie-a/squadre/lazio/castellanos/6226/2024-25/statistico
Pellegrini Lo.,https://www.fantacalcio.it/serie-a/squadre/roma/pellegrini-lo/530/2024-25/statistico
Barella,https://www.fantacalcio.it/serie-a/squadre/inter/barella/1870/2024-25/statistico
Orsolini,https://www.fantacalcio.it/serie-a/squadre/bologna/orsolini/2167/2024-25/statistico
Man,https://www.fantacalcio.it/serie-a/squadre/parma/man/5393/2024-25/statistico
De Ketelaere,https://www.fantacalcio.it/serie-a/squadre/atalanta/de-ketelaere/5995/2024-25/statistico
Dallinga,https://www.fantacalcio.it/serie-a/squadre/bologna/dallinga/6643/2024-25/statistico
Kean,https://www.fantacalcio.it/serie-a/squadre/fiorentina/kean/2097/2024-25/statistico
Hernandez T.,https://www.fantacalcio.it/serie-a/squadre/milan/hernandez-t/4292/2024-25/statistico
Douglas Luiz,https://www.fantacalcio.it/serie-a/squadre/juventus/douglas-luiz/4911/2024-25/statistico
Neres,https://www.fantacalcio.it/serie-a/squadre/napoli/neres/6831/2024-25/statistico
Chiesa,https://www.fantacalcio.it/serie-a/squadre/juventus/chiesa/2002/2024-25/statistico
Pinamonti,https://www.fantacalcio.it/serie-a/squadre/genoa/pinamonti/2038/2024-25/statistico
Sommer,https://www.fantacalcio.it/serie-a/squadre/inter/sommer/2428/2024-25/statistico
Soule',https://www.fantacalcio.it/serie-a/squadre/roma/soule/5734/2024-25/statistico
Di Lorenzo,https://www.fantacalcio.it/serie-a/squadre/napoli/di-lorenzo/2816/2024-25/statistico
Frattesi,https://www.fantacalcio.it/serie-a/squadre/inter/frattesi/2848/2024-25/statistico
Loftus-Cheek,https://www.fantacalcio.it/serie-a/squadre/milan/loftus-cheek/4199/2024-25/statistico
Di Gregorio,https://www.fantacalcio.it/serie-a/squadre/juventus/di-gregorio/5876/2024-25/statistico
Samardzic,https://www.fantacalcio.it/serie-a/squadre/atalanta/samardzic/5119/2024-25/statistico
Ferguson,https://www.fantacalcio.it/serie-a/squadre/bologna/ferguson/5858/2024-25/statistico
Belotti,https://www.fantacalcio.it/serie-a/squadre/como/belotti/441/2024-25/statistico
Bastoni,https://www.fantacalcio.it/serie-a/squadre/inter/bastoni/2120/2024-25/statistico
Buongiorno,https://www.fantacalcio.it/serie-a/squadre/napoli/buongiorno/2724/2024-25/statistico
Bremer,https://www.fantacalcio.it/serie-a/squadre/juventus/bremer/2788/2024-25/statistico
Dumfries,https://www.fantacalcio.it/serie-a/squadre/inter/dumfries/5513/2024-25/statistico
Yildiz,https://www.fantacalcio.it/serie-a/squadre/juventus/yildiz/6434/2024-25/statistico
Krstovic,https://www.fantacalcio.it/serie-a/squadre/lecce/krstovic/6435/2024-25/statistico
Noslin,https://www.fantacalcio.it/serie-a/squadre/lazio/noslin/6556/2024-25/statistico
Taremi,https://www.fantacalcio.it/serie-a/squadre/inter/taremi/6628/2024-25/statistico
Adams C.,https://www.fantacalcio.it/serie-a/squadre/torino/adams-c/6646/2024-25/statistico
Meret,https://www.fantacalcio.it/serie-a/squadre/napoli/meret/572/2024-25/statistico
Sanchez,https://www.fantacalcio.it/serie-a/squadre/udinese/sanchez/2475/2024-25/statistico
Mkhitaryan,https://www.fantacalcio.it/serie-a/squadre/inter/mkhitaryan/2529/2024-25/statistico
Pohjanpalo,https://www.fantacalcio.it/serie-a/squadre/venezia/pohjanpalo/5079/2024-25/statistico
Dia,https://www.fantacalcio.it/serie-a/squadre/lazio/dia/5672/2024-25/statistico
Ederson D.s.,https://www.fantacalcio.it/serie-a/squadre/atalanta/ederson-d-s/5792/2024-25/statistico
Pasalic,https://www.fantacalcio.it/serie-a/squadre/atalanta/pasalic/2077/2024-25/statistico
Pavard,https://www.fantacalcio.it/serie-a/squadre/inter/pavard/4177/2024-25/statistico
Maignan,https://www.fantacalcio.it/serie-a/squadre/milan/maignan/4312/2024-25/statistico
Piccoli,https://www.fantacalcio.it/serie-a/squadre/cagliari/piccoli/4359/2024-25/statistico
Vlasic,https://www.fantacalcio.it/serie-a/squadre/torino/vlasic/5687/2024-25/statistico
Lucca,https://www.fantacalcio.it/serie-a/squadre/udinese/lucca/6215/2024-25/statistico
Bernabe',https://www.fantacalcio.it/serie-a/squadre/parma/bernabe/6666/2024-25/statistico
Spinazzola,https://www.fantacalcio.it/serie-a/squadre/napoli/spinazzola/1852/2024-25/statistico
Danilo,https://www.fantacalcio.it/serie-a/squadre/juventus/danilo/4237/2024-25/statistico
Carnesecchi,https://www.fantacalcio.it/serie-a/squadre/atalanta/carnesecchi/4431/2024-25/statistico
Tomori,https://www.fantacalcio.it/serie-a/squadre/milan/tomori/4751/2024-25/statistico
Bellanova,https://www.fantacalcio.it/serie-a/squadre/atalanta/bellanova/4887/2024-25/statistico
Colombo,https://www.fantacalcio.it/serie-a/squadre/empoli/colombo/4923/2024-25/statistico
Harroui,https://www.fantacalcio.it/serie-a/squadre/verona/harroui/5688/2024-25/statistico
Svilar,https://www.fantacalcio.it/serie-a/squadre/roma/svilar/5841/2024-25/statistico
Fabbian,https://www.fantacalcio.it/serie-a/squadre/bologna/fabbian/6206/2024-25/statistico
Suslov,https://www.fantacalcio.it/serie-a/squadre/verona/suslov/6486/2024-25/statistico
Simeone,https://www.fantacalcio.it/serie-a/squadre/napoli/simeone/2061/2024-25/statistico
Milinkovic-Savic V.,https://www.fantacalcio.it/serie-a/squadre/torino/milinkovic-savic-v/2170/2024-25/statistico
Abraham,https://www.fantacalcio.it/serie-a/squadre/roma/abraham/2544/2024-25/statistico
Zaniolo,https://www.fantacalcio.it/serie-a/squadre/atalanta/zaniolo/2766/2024-25/statistico
Provedel,https://www.fantacalcio.it/serie-a/squadre/lazio/provedel/2814/2024-25/statistico
Terracciano,https://www.fantacalcio.it/serie-a/squadre/fiorentina/terracciano/2815/2024-25/statistico
Cambiaghi,https://www.fantacalcio.it/serie-a/squadre/bologna/cambiaghi/4436/2024-25/statistico
Strefezza,https://www.fantacalcio.it/serie-a/squadre/como/strefezza/4486/2024-25/statistico
Luvumbo,https://www.fantacalcio.it/serie-a/squadre/cagliari/luvumbo/5297/2024-25/statistico
Ruggeri,https://www.fantacalcio.it/serie-a/squadre/atalanta/ruggeri/5354/2024-25/statistico
Da Cunha,https://www.fantacalcio.it/serie-a/squadre/como/da-cunha/5559/2024-25/statistico
Frendrup,https://www.fantacalcio.it/serie-a/squadre/genoa/frendrup/5791/2024-25/statistico
Vitinha O.,https://www.fantacalcio.it/serie-a/squadre/genoa/vitinha-o/6164/2024-25/statistico
Reijnders,https://www.fantacalcio.it/serie-a/squadre/milan/reijnders/6224/2024-25/statistico
Okafor,https://www.fantacalcio.it/serie-a/squadre/milan/okafor/6227/2024-25/statistico
Isaksen,https://www.fantacalcio.it/serie-a/squadre/lazio/isaksen/6398/2024-25/statistico
Tengstedt,https://www.fantacalcio.it/serie-a/squadre/verona/tengstedt/6801/2024-25/statistico
Skorupski,https://www.fantacalcio.it/serie-a/squadre/bologna/skorupski/133/2024-25/statistico
Lazovic,https://www.fantacalcio.it/serie-a/squadre/verona/lazovic/236/2024-25/statistico
Milik,https://www.fantacalcio.it/serie-a/squadre/juventus/milik/2012/2024-25/statistico
Mancini,https://www.fantacalcio.it/serie-a/squadre/roma/mancini/2296/2024-25/statistico
Thauvin,https://www.fantacalcio.it/serie-a/squadre/udinese/thauvin/2369/2024-25/statistico
Pessina,https://www.fantacalcio.it/serie-a/squadre/monza/pessina/2741/2024-25/statistico
Rrahmani,https://www.fantacalcio.it/serie-a/squadre/napoli/rrahmani/4409/2024-25/statistico
Malinovskyi,https://www.fantacalcio.it/serie-a/squadre/genoa/malinovskyi/4427/2024-25/statistico
Emerson Royal,https://www.fantacalcio.it/serie-a/squadre/milan/emerson-royal/4816/2024-25/statistico
Djuric,https://www.fantacalcio.it/serie-a/squadre/monza/djuric/5471/2024-25/statistico
Toure' E.,https://www.fantacalcio.it/serie-a/squadre/atalanta/toure-e/6229/2024-25/statistico
Conceicao,https://www.fantacalcio.it/serie-a/squadre/juventus/conceicao/6884/2024-25/statistico
Zielinski,https://www.fantacalcio.it/serie-a/squadre/inter/zielinski/152/2024-25/statistico
Romagnoli,https://www.fantacalcio.it/serie-a/squadre/lazio/romagnoli/460/2024-25/statistico
Sanabria,https://www.fantacalcio.it/serie-a/squadre/torino/sanabria/479/2024-25/statistico
Acerbi,https://www.fantacalcio.it/serie-a/squadre/inter/acerbi/513/2024-25/statistico
Zappacosta,https://www.fantacalcio.it/serie-a/squadre/atalanta/zappacosta/554/2024-25/statistico
Gollini,https://www.fantacalcio.it/serie-a/squadre/genoa/gollini/610/2024-25/statistico
Freuler,https://www.fantacalcio.it/serie-a/squadre/bologna/freuler/788/2024-25/statistico
Cutrone,https://www.fantacalcio.it/serie-a/squadre/como/cutrone/2155/2024-25/statistico
De Gea,https://www.fantacalcio.it/serie-a/squadre/fiorentina/de-gea/2521/2024-25/statistico
Guendouzi,https://www.fantacalcio.it/serie-a/squadre/lazio/guendouzi/4186/2024-25/statistico
Zambo Anguissa,https://www.fantacalcio.it/serie-a/squadre/napoli/zambo-anguissa/4220/2024-25/statistico
Raspadori,https://www.fantacalcio.it/serie-a/squadre/napoli/raspadori/4371/2024-25/statistico
Fagioli,https://www.fantacalcio.it/serie-a/squadre/juventus/fagioli/4465/2024-25/statistico
Chukwueze,https://www.fantacalcio.it/serie-a/squadre/milan/chukwueze/4856/2024-25/statistico
Messias,https://www.fantacalcio.it/serie-a/squadre/genoa/messias/4970/2024-25/statistico
Pavlovic,https://www.fantacalcio.it/serie-a/squadre/milan/pavlovic/5022/2024-25/statistico
Martinez Quarta,https://www.fantacalcio.it/serie-a/squadre/fiorentina/martinez-quarta/5323/2024-25/statistico
Cambiaso,https://www.fantacalcio.it/serie-a/squadre/juventus/cambiaso/5520/2024-25/statistico
Thuram K.,https://www.fantacalcio.it/serie-a/squadre/juventus/thuram-k/5562/2024-25/statistico
Ndoye,https://www.fantacalcio.it/serie-a/squadre/bologna/ndoye/5564/2024-25/statistico
Kossounou,https://www.fantacalcio.it/serie-a/squadre/atalanta/kossounou/5578/2024-25/statistico
Aebischer,https://www.fantacalcio.it/serie-a/squadre/bologna/aebischer/5784/2024-25/statistico
Lovric,https://www.fantacalcio.it/serie-a/squadre/udinese/lovric/5850/2024-25/statistico
Almqvist,https://www.fantacalcio.it/serie-a/squadre/parma/almqvist/6207/2024-25/statistico
Le Fee,https://www.fantacalcio.it/serie-a/squadre/roma/le-fee/6299/2024-25/statistico
Beltran L.,https://www.fantacalcio.it/serie-a/squadre/fiorentina/beltran-l/6409/2024-25/statistico
Mosquera,https://www.fantacalcio.it/serie-a/squadre/verona/mosquera/6630/2024-25/statistico
Luperto,https://www.fantacalcio.it/serie-a/squadre/cagliari/luperto/393/2024-25/statistico
Cristante,https://www.fantacalcio.it/serie-a/squadre/roma/cristante/779/2024-25/statistico
Locatelli,https://www.fantacalcio.it/serie-a/squadre/juventus/locatelli/827/2024-25/statistico
Lapadula,https://www.fantacalcio.it/serie-a/squadre/cagliari/lapadula/1939/2024-25/statistico
Caprari,https://www.fantacalcio.it/serie-a/squadre/monza/caprari/1958/2024-25/statistico
Jovic,https://www.fantacalcio.it/serie-a/squadre/milan/jovic/2438/2024-25/statistico
Darmian,https://www.fantacalcio.it/serie-a/squadre/inter/darmian/2525/2024-25/statistico
Odgaard,https://www.fantacalcio.it/serie-a/squadre/bologna/odgaard/2765/2024-25/statistico
Sergi Roberto,https://www.fantacalcio.it/serie-a/squadre/como/sergi-roberto/4284/2024-25/statistico
Lobotka,https://www.fantacalcio.it/serie-a/squadre/napoli/lobotka/4287/2024-25/statistico
Zurkowski,https://www.fantacalcio.it/serie-a/squadre/empoli/zurkowski/4376/2024-25/statistico
Castrovilli,https://www.fantacalcio.it/serie-a/squadre/lazio/castrovilli/4377/2024-25/statistico
Angelino,https://www.fantacalcio.it/serie-a/squadre/roma/angelino/4772/2024-25/statistico
Maldini,https://www.fantacalcio.it/serie-a/squadre/monza/maldini/4896/2024-25/statistico
Ilic,https://www.fantacalcio.it/serie-a/squadre/torino/ilic/5007/2024-25/statistico
Ekuban,https://www.fantacalcio.it/serie-a/squadre/genoa/ekuban/5506/2024-25/statistico
Vasquez,https://www.fantacalcio.it/serie-a/squadre/genoa/vasquez/5514/2024-25/statistico
Baldanzi,https://www.fantacalcio.it/serie-a/squadre/roma/baldanzi/5823/2024-25/statistico
Bijol,https://www.fantacalcio.it/serie-a/squadre/udinese/bijol/5847/2024-25/statistico
Carlos Augusto,https://www.fantacalcio.it/serie-a/squadre/inter/carlos-augusto/5877/2024-25/statistico
Mota,https://www.fantacalcio.it/serie-a/squadre/monza/mota/5882/2024-25/statistico
Dodo',https://www.fantacalcio.it/serie-a/squadre/fiorentina/dodo/5885/2024-25/statistico
Tchaouna,https://www.fantacalcio.it/serie-a/squadre/lazio/tchaouna/5919/2024-25/statistico
Ngonge,https://www.fantacalcio.it/serie-a/squadre/napoli/ngonge/6145/2024-25/statistico
Benedyczak,https://www.fantacalcio.it/serie-a/squadre/parma/benedyczak/6667/2024-25/statistico
Bonny,https://www.fantacalcio.it/serie-a/squadre/parma/bonny/6669/2024-25/statistico
De Roon,https://www.fantacalcio.it/serie-a/squadre/atalanta/de-roon/22/2024-25/statistico
Biraghi,https://www.fantacalcio.it/serie-a/squadre/fiorentina/biraghi/252/2024-25/statistico
Verdi,https://www.fantacalcio.it/serie-a/squadre/como/verdi/376/2024-25/statistico
Duncan,https://www.fantacalcio.it/serie-a/squadre/venezia/duncan/526/2024-25/statistico
Scuffet,https://www.fantacalcio.it/serie-a/squadre/cagliari/scuffet/574/2024-25/statistico
Audero,https://www.fantacalcio.it/serie-a/squadre/como/audero/761/2024-25/statistico
Djimsiti,https://www.fantacalcio.it/serie-a/squadre/atalanta/djimsiti/787/2024-25/statistico
Falcone,https://www.fantacalcio.it/serie-a/squadre/lecce/falcone/2134/2024-25/statistico
Varane,https://www.fantacalcio.it/serie-a/squadre/como/varane/2602/2024-25/statistico
Kolasinac,https://www.fantacalcio.it/serie-a/squadre/atalanta/kolasinac/2640/2024-25/statistico
Sottil,https://www.fantacalcio.it/serie-a/squadre/fiorentina/sottil/2839/2024-25/statistico
Mina,https://www.fantacalcio.it/serie-a/squadre/cagliari/mina/4210/2024-25/statistico
Arnautovic,https://www.fantacalcio.it/serie-a/squadre/inter/arnautovic/4268/2024-25/statistico
N'Dicka,https://www.fantacalcio.it/serie-a/squadre/roma/n-dicka/4317/2024-25/statistico
Duda,https://www.fantacalcio.it/serie-a/squadre/verona/duda/4342/2024-25/statistico
Gaetano,https://www.fantacalcio.it/serie-a/squadre/napoli/gaetano/4364/2024-25/statistico
Amrabat,https://www.fantacalcio.it/serie-a/squadre/fiorentina/amrabat/4522/2024-25/statistico
Miranda J.,https://www.fantacalcio.it/serie-a/squadre/bologna/miranda-j/4734/2024-25/statistico
Turati,https://www.fantacalcio.it/serie-a/squadre/monza/turati/4867/2024-25/statistico
Mihaila,https://www.fantacalcio.it/serie-a/squadre/parma/mihaila/5322/2024-25/statistico
Parisi,https://www.fantacalcio.it/serie-a/squadre/fiorentina/parisi/5449/2024-25/statistico
Ricci S.,https://www.fantacalcio.it/serie-a/squadre/torino/ricci-s/5453/2024-25/statistico
Casale,https://www.fantacalcio.it/serie-a/squadre/bologna/casale/5498/2024-25/statistico
Pongracic,https://www.fantacalcio.it/serie-a/squadre/fiorentina/pongracic/5603/2024-25/statistico
Perez N.,https://www.fantacalcio.it/serie-a/squadre/udinese/perez-n/5677/2024-25/statistico
Holm,https://www.fantacalcio.it/serie-a/squadre/bologna/holm/5678/2024-25/statistico
Gatti,https://www.fantacalcio.it/serie-a/squadre/juventus/gatti/5831/2024-25/statistico
Baschirotto,https://www.fantacalcio.it/serie-a/squadre/lecce/baschirotto/5835/2024-25/statistico
Banda,https://www.fantacalcio.it/serie-a/squadre/lecce/banda/6001/2024-25/statistico
Hien,https://www.fantacalcio.it/serie-a/squadre/atalanta/hien/6046/2024-25/statistico
Posch,https://www.fantacalcio.it/serie-a/squadre/bologna/posch/6066/2024-25/statistico
Brenner,https://www.fantacalcio.it/serie-a/squadre/udinese/brenner/6213/2024-25/statistico
Oristanio,https://www.fantacalcio.it/serie-a/squadre/venezia/oristanio/6218/2024-25/statistico
Dossena,https://www.fantacalcio.it/serie-a/squadre/como/dossena/6230/2024-25/statistico
Dorgu,https://www.fantacalcio.it/serie-a/squadre/lecce/dorgu/6257/2024-25/statistico
Cheddira,https://www.fantacalcio.it/serie-a/squadre/napoli/cheddira/6439/2024-25/statistico
Okoye,https://www.fantacalcio.it/serie-a/squadre/udinese/okoye/6462/2024-25/statistico
Payero,https://www.fantacalcio.it/serie-a/squadre/udinese/payero/6481/2024-25/statistico
Castro S.,https://www.fantacalcio.it/serie-a/squadre/bologna/castro-s/6572/2024-25/statistico
Tete Morente,https://www.fantacalcio.it/serie-a/squadre/lecce/tete-morente/6634/2024-25/statistico
Coco,https://www.fantacalcio.it/serie-a/squadre/torino/coco/6642/2024-25/statistico
Richardson,https://www.fantacalcio.it/serie-a/squadre/fiorentina/richardson/6804/2024-25/statistico
Badelj,https://www.fantacalcio.it/serie-a/squadre/genoa/badelj/170/2024-25/statistico
Vecino,https://www.fantacalcio.it/serie-a/squadre/lazio/vecino/181/2024-25/statistico
De Vrij,https://www.fantacalcio.it/serie-a/squadre/inter/de-vrij/322/2024-25/statistico
Sabelli,https://www.fantacalcio.it/serie-a/squadre/genoa/sabelli/791/2024-25/statistico
El Shaarawy,https://www.fantacalcio.it/serie-a/squadre/roma/el-shaarawy/795/2024-25/statistico
Mandragora,https://www.fantacalcio.it/serie-a/squadre/fiorentina/mandragora/1933/2024-25/statistico
Mazzitelli,https://www.fantacalcio.it/serie-a/squadre/como/mazzitelli/1976/2024-25/statistico
Bani,https://www.fantacalcio.it/serie-a/squadre/genoa/bani/2285/2024-25/statistico
Bennacer,https://www.fantacalcio.it/serie-a/squadre/milan/bennacer/2818/2024-25/statistico
Smalling,https://www.fantacalcio.it/serie-a/squadre/roma/smalling/4245/2024-25/statistico
Ranieri L.,https://www.fantacalcio.it/serie-a/squadre/fiorentina/ranieri-l/4378/2024-25/statistico
Joronen,https://www.fantacalcio.it/serie-a/squadre/venezia/joronen/4425/2024-25/statistico
Rovella,https://www.fantacalcio.it/serie-a/squadre/lazio/rovella/4459/2024-25/statistico
Kyriakopoulos,https://www.fantacalcio.it/serie-a/squadre/monza/kyriakopoulos/4530/2024-25/statistico
Weah,https://www.fantacalcio.it/serie-a/squadre/juventus/weah/4662/2024-25/statistico
Maripan,https://www.fantacalcio.it/serie-a/squadre/torino/maripan/4665/2024-25/statistico
Fofana Y.,https://www.fantacalcio.it/serie-a/squadre/milan/fofana-y/4686/2024-25/statistico
Mari',https://www.fantacalcio.it/serie-a/squadre/monza/mari/4904/2024-25/statistico
Brescianini,https://www.fantacalcio.it/serie-a/squadre/atalanta/brescianini/4947/2024-25/statistico
Montipo',https://www.fantacalcio.it/serie-a/squadre/verona/montipo/4957/2024-25/statistico
Erlic,https://www.fantacalcio.it/serie-a/squadre/bologna/erlic/4982/2024-25/statistico
Gyasi,https://www.fantacalcio.it/serie-a/squadre/empoli/gyasi/4992/2024-25/statistico
Vojvoda,https://www.fantacalcio.it/serie-a/squadre/torino/vojvoda/4994/2024-25/statistico
Ismajli,https://www.fantacalcio.it/serie-a/squadre/empoli/ismajli/5010/2024-25/statistico
Godfrey,https://www.fantacalcio.it/serie-a/squadre/atalanta/godfrey/5324/2024-25/statistico
Scalvini,https://www.fantacalcio.it/serie-a/squadre/atalanta/scalvini/5526/2024-25/statistico
Zanoli,https://www.fantacalcio.it/serie-a/squadre/genoa/zanoli/5527/2024-25/statistico
Olivera,https://www.fantacalcio.it/serie-a/squadre/napoli/olivera/5840/2024-25/statistico
Valeri,https://www.fantacalcio.it/serie-a/squadre/parma/valeri/5862/2024-25/statistico
Beukema,https://www.fantacalcio.it/serie-a/squadre/bologna/beukema/6202/2024-25/statistico
Karlsson,https://www.fantacalcio.it/serie-a/squadre/bologna/karlsson/6459/2024-25/statistico
Marin R.,https://www.fantacalcio.it/serie-a/squadre/napoli/marin-r/6638/2024-25/statistico
Suzuki,https://www.fantacalcio.it/serie-a/squadre/parma/suzuki/6641/2024-25/statistico
Marchwinski,https://www.fantacalcio.it/serie-a/squadre/lecce/marchwinski/6645/2024-25/statistico
Ekkelenkamp,https://www.fantacalcio.it/serie-a/squadre/udinese/ekkelenkamp/6684/2024-25/statistico
Sosa B.,https://www.fantacalcio.it/serie-a/squadre/torino/sosa-b/6820/2024-25/statistico
Paz N.,https://www.fantacalcio.it/serie-a/squadre/como/paz-n/6875/2024-25/statistico
Masina,https://www.fantacalcio.it/serie-a/squadre/torino/masina/49/2024-25/statistico
Izzo,https://www.fantacalcio.it/serie-a/squadre/monza/izzo/226/2024-25/statistico
Calabria,https://www.fantacalcio.it/serie-a/squadre/milan/calabria/357/2024-25/statistico
Viola,https://www.fantacalcio.it/serie-a/squadre/cagliari/viola/440/2024-25/statistico
Paredes,https://www.fantacalcio.it/serie-a/squadre/roma/paredes/468/2024-25/statistico
Pezzella Giu.,https://www.fantacalcio.it/serie-a/squadre/empoli/pezzella-giu/770/2024-25/statistico
Sensi,https://www.fantacalcio.it/serie-a/squadre/monza/sensi/1978/2024-25/statistico
Hateboer,https://www.fantacalcio.it/serie-a/squadre/atalanta/hateboer/2130/2024-25/statistico
Barak,https://www.fantacalcio.it/serie-a/squadre/fiorentina/barak/2172/2024-25/statistico
Marusic,https://www.fantacalcio.it/serie-a/squadre/lazio/marusic/2188/2024-25/statistico
Lazzari,https://www.fantacalcio.it/serie-a/squadre/lazio/lazzari/2263/2024-25/statistico
Valoti,https://www.fantacalcio.it/serie-a/squadre/monza/valoti/2274/2024-25/statistico
Hernani,https://www.fantacalcio.it/serie-a/squadre/parma/hernani/4423/2024-25/statistico
Zortea,https://www.fantacalcio.it/serie-a/squadre/cagliari/zortea/4433/2024-25/statistico
Zappa,https://www.fantacalcio.it/serie-a/squadre/cagliari/zappa/4461/2024-25/statistico
Marin,https://www.fantacalcio.it/serie-a/squadre/cagliari/marin/4965/2024-25/statistico
Mckennie,https://www.fantacalcio.it/serie-a/squadre/juventus/mckennie/4973/2024-25/statistico
Sohm,https://www.fantacalcio.it/serie-a/squadre/parma/sohm/5319/2024-25/statistico
Nzola,https://www.fantacalcio.it/serie-a/squadre/fiorentina/nzola/5336/2024-25/statistico
Moreno Alb.,https://www.fantacalcio.it/serie-a/squadre/como/moreno-alb/5435/2024-25/statistico
Tessmann,https://www.fantacalcio.it/serie-a/squadre/venezia/tessmann/5492/2024-25/statistico
Cancellieri,https://www.fantacalcio.it/serie-a/squadre/parma/cancellieri/5500/2024-25/statistico
Busio,https://www.fantacalcio.it/serie-a/squadre/venezia/busio/5507/2024-25/statistico
Tavares N.,https://www.fantacalcio.it/serie-a/squadre/lazio/tavares-n/5620/2024-25/statistico
Davis K.,https://www.fantacalcio.it/serie-a/squadre/udinese/davis-k/5637/2024-25/statistico
Viti,https://www.fantacalcio.it/serie-a/squadre/empoli/viti/5718/2024-25/statistico
De Winter,https://www.fantacalcio.it/serie-a/squadre/genoa/de-winter/5739/2024-25/statistico
Gendrey,https://www.fantacalcio.it/serie-a/squadre/lecce/gendrey/5867/2024-25/statistico
Cabal,https://www.fantacalcio.it/serie-a/squadre/juventus/cabal/6039/2024-25/statistico
Schuurs,https://www.fantacalcio.it/serie-a/squadre/torino/schuurs/6041/2024-25/statistico
Lucumi',https://www.fantacalcio.it/serie-a/squadre/bologna/lucumi/6042/2024-25/statistico
Ehizibue,https://www.fantacalcio.it/serie-a/squadre/udinese/ehizibue/6047/2024-25/statistico
Oudin,https://www.fantacalcio.it/serie-a/squadre/lecce/oudin/6061/2024-25/statistico
Iling Junior,https://www.fantacalcio.it/serie-a/squadre/bologna/iling-junior/6112/2024-25/statistico
Vasquez D.,https://www.fantacalcio.it/serie-a/squadre/empoli/vasquez-d/6125/2024-25/statistico
Folorunsho,https://www.fantacalcio.it/serie-a/squadre/napoli/folorunsho/6252/2024-25/statistico
Pedersen,https://www.fantacalcio.it/serie-a/squadre/torino/pedersen/6426/2024-25/statistico
Tchatchoua,https://www.fantacalcio.it/serie-a/squadre/verona/tchatchoua/6480/2024-25/statistico
Giannetti L.,https://www.fantacalcio.it/serie-a/squadre/udinese/giannetti-l/6533/2024-25/statistico
Forson O.,https://www.fantacalcio.it/serie-a/squadre/monza/forson-o/6592/2024-25/statistico
Dele-Bashiru,https://www.fantacalcio.it/serie-a/squadre/lazio/dele-bashiru/6629/2024-25/statistico
Rocha Livramento,https://www.fantacalcio.it/serie-a/squadre/verona/rocha-livramento/6644/2024-25/statistico
Circati,https://www.fantacalcio.it/serie-a/squadre/parma/circati/6663/2024-25/statistico
Delprato,https://www.fantacalcio.it/serie-a/squadre/parma/delprato/6664/2024-25/statistico
Karlstrom,https://www.fantacalcio.it/serie-a/squadre/udinese/karlstrom/6680/2024-25/statistico
Fadera,https://www.fantacalcio.it/serie-a/squadre/como/fadera/6815/2024-25/statistico
Rugani,https://www.fantacalcio.it/serie-a/squadre/juventus/rugani/294/2024-25/statistico
Patric,https://www.fantacalcio.it/serie-a/squadre/lazio/patric/327/2024-25/statistico
Petagna,https://www.fantacalcio.it/serie-a/squadre/monza/petagna/383/2024-25/statistico
Gagliardini,https://www.fantacalcio.it/serie-a/squadre/monza/gagliardini/801/2024-25/statistico
Zampano,https://www.fantacalcio.it/serie-a/squadre/venezia/zampano/1952/2024-25/statistico
Palomino,https://www.fantacalcio.it/serie-a/squadre/cagliari/palomino/2181/2024-25/statistico
Martin,https://www.fantacalcio.it/serie-a/squadre/genoa/martin/2593/2024-25/statistico
Lykogiannis,https://www.fantacalcio.it/serie-a/squadre/bologna/lykogiannis/2653/2024-25/statistico
Caputo,https://www.fantacalcio.it/serie-a/squadre/empoli/caputo/2819/2024-25/statistico
Lazaro,https://www.fantacalcio.it/serie-a/squadre/torino/lazaro/4385/2024-25/statistico
Thorsby,https://www.fantacalcio.it/serie-a/squadre/genoa/thorsby/4404/2024-25/statistico
Augello,https://www.fantacalcio.it/serie-a/squadre/cagliari/augello/4421/2024-25/statistico
Candela,https://www.fantacalcio.it/serie-a/squadre/venezia/candela/4458/2024-25/statistico
Dawidowicz,https://www.fantacalcio.it/serie-a/squadre/verona/dawidowicz/4493/2024-25/statistico
Henderson L.,https://www.fantacalcio.it/serie-a/squadre/empoli/henderson-l/4498/2024-25/statistico
Gallo,https://www.fantacalcio.it/serie-a/squadre/lecce/gallo/4502/2024-25/statistico
Ikone',https://www.fantacalcio.it/serie-a/squadre/fiorentina/ikone/4658/2024-25/statistico
Tameze,https://www.fantacalcio.it/serie-a/squadre/torino/tameze/4890/2024-25/statistico
Saelemaekers,https://www.fantacalcio.it/serie-a/squadre/milan/saelemaekers/4892/2024-25/statistico
Caldirola,https://www.fantacalcio.it/serie-a/squadre/monza/caldirola/4958/2024-25/statistico
Musah,https://www.fantacalcio.it/serie-a/squadre/milan/musah/5295/2024-25/statistico
Shomurodov,https://www.fantacalcio.it/serie-a/squadre/roma/shomurodov/5311/2024-25/statistico
Coulibaly L.,https://www.fantacalcio.it/serie-a/squadre/lecce/coulibaly-l/5504/2024-25/statistico
Kamara H.,https://www.fantacalcio.it/serie-a/squadre/udinese/kamara-h/5555/2024-25/statistico
Guilbert,https://www.fantacalcio.it/serie-a/squadre/lecce/guilbert/5626/2024-25/statistico
Birindelli,https://www.fantacalcio.it/serie-a/squadre/monza/birindelli/5838/2024-25/statistico
Gytkjaer,https://www.fantacalcio.it/serie-a/squadre/venezia/gytkjaer/5881/2024-25/statistico
Fazzini,https://www.fantacalcio.it/serie-a/squadre/empoli/fazzini/6010/2024-25/statistico
Azzi,https://www.fantacalcio.it/serie-a/squadre/cagliari/azzi/6231/2024-25/statistico
Kayode,https://www.fantacalcio.it/serie-a/squadre/fiorentina/kayode/6235/2024-25/statistico
Vogliacco,https://www.fantacalcio.it/serie-a/squadre/genoa/vogliacco/6245/2024-25/statistico
Ramadani,https://www.fantacalcio.it/serie-a/squadre/lecce/ramadani/6394/2024-25/statistico
Serdar,https://www.fantacalcio.it/serie-a/squadre/verona/serdar/6458/2024-25/statistico
Frese,https://www.fantacalcio.it/serie-a/squadre/verona/frese/6639/2024-25/statistico
Mbangula,https://www.fantacalcio.it/serie-a/squadre/juventus/mbangula/6833/2024-25/statistico
Abdulhamid,https://www.fantacalcio.it/serie-a/squadre/roma/abdulhamid/6885/2024-25/statistico
Dominguez B.,https://www.fantacalcio.it/serie-a/squadre/bologna/dominguez-b/6895/2024-25/statistico
Hysaj,https://www.fantacalcio.it/serie-a/squadre/lazio/hysaj/140/2024-25/statistico
Rebic,https://www.fantacalcio.it/serie-a/squadre/lecce/rebic/186/2024-25/statistico
Juan Jesus,https://www.fantacalcio.it/serie-a/squadre/napoli/juan-jesus/256/2024-25/statistico
Toloi,https://www.fantacalcio.it/serie-a/squadre/atalanta/toloi/695/2024-25/statistico
Cuadrado,https://www.fantacalcio.it/serie-a/squadre/atalanta/cuadrado/697/2024-25/statistico
Pereira P.,https://www.fantacalcio.it/serie-a/squadre/monza/pereira-p/729/2024-25/statistico
Pierini,https://www.fantacalcio.it/serie-a/squadre/venezia/pierini/1842/2024-25/statistico
Deiola,https://www.fantacalcio.it/serie-a/squadre/cagliari/deiola/1871/2024-25/statistico
Linetty,https://www.fantacalcio.it/serie-a/squadre/torino/linetty/2008/2024-25/statistico
Kastanos,https://www.fantacalcio.it/serie-a/squadre/verona/kastanos/2117/2024-25/statistico
Kouame',https://www.fantacalcio.it/serie-a/squadre/fiorentina/kouame/2762/2024-25/statistico
Magnani,https://www.fantacalcio.it/serie-a/squadre/verona/magnani/2769/2024-25/statistico
Musso,https://www.fantacalcio.it/serie-a/squadre/atalanta/musso/2792/2024-25/statistico
Walukiewicz,https://www.fantacalcio.it/serie-a/squadre/torino/walukiewicz/4374/2024-25/statistico
Gabbia,https://www.fantacalcio.it/serie-a/squadre/milan/gabbia/4401/2024-25/statistico
Esposito Se.,https://www.fantacalcio.it/serie-a/squadre/empoli/esposito-se/4463/2024-25/statistico
Celik,https://www.fantacalcio.it/serie-a/squadre/roma/celik/4657/2024-25/statistico
Kostic,https://www.fantacalcio.it/serie-a/squadre/juventus/kostic/4711/2024-25/statistico
Carboni A.,https://www.fantacalcio.it/serie-a/squadre/monza/carboni-a/4925/2024-25/statistico
Kalulu,https://www.fantacalcio.it/serie-a/squadre/juventus/kalulu/4976/2024-25/statistico
Bakker,https://www.fantacalcio.it/serie-a/squadre/atalanta/bakker/5067/2024-25/statistico
Estevez,https://www.fantacalcio.it/serie-a/squadre/parma/estevez/5290/2024-25/statistico
Osorio,https://www.fantacalcio.it/serie-a/squadre/parma/osorio/5327/2024-25/statistico
Di Pardo,https://www.fantacalcio.it/serie-a/squadre/cagliari/di-pardo/5406/2024-25/statistico
Bove,https://www.fantacalcio.it/serie-a/squadre/roma/bove/5423/2024-25/statistico
Urbanski,https://www.fantacalcio.it/serie-a/squadre/bologna/urbanski/5425/2024-25/statistico
Stojanovic,https://www.fantacalcio.it/serie-a/squadre/empoli/stojanovic/5450/2024-25/statistico
Maleh,https://www.fantacalcio.it/serie-a/squadre/empoli/maleh/5457/2024-25/statistico
Ebuehi,https://www.fantacalcio.it/serie-a/squadre/empoli/ebuehi/5480/2024-25/statistico
Mazzocchi,https://www.fantacalcio.it/serie-a/squadre/napoli/mazzocchi/5481/2024-25/statistico
Svoboda,https://www.fantacalcio.it/serie-a/squadre/venezia/svoboda/5484/2024-25/statistico
Bjarkason,https://www.fantacalcio.it/serie-a/squadre/venezia/bjarkason/5485/2024-25/statistico
Asllani,https://www.fantacalcio.it/serie-a/squadre/inter/asllani/5719/2024-25/statistico
Coppola D.,https://www.fantacalcio.it/serie-a/squadre/verona/coppola-d/5764/2024-25/statistico
Miretti,https://www.fantacalcio.it/serie-a/squadre/genoa/miretti/5813/2024-25/statistico
Gila,https://www.fantacalcio.it/serie-a/squadre/lazio/gila/5833/2024-25/statistico
Adli,https://www.fantacalcio.it/serie-a/squadre/fiorentina/adli/5875/2024-25/statistico
Ciurria,https://www.fantacalcio.it/serie-a/squadre/monza/ciurria/5880/2024-25/statistico
Bondo,https://www.fantacalcio.it/serie-a/squadre/monza/bondo/5992/2024-25/statistico
Ellertsson,https://www.fantacalcio.it/serie-a/squadre/venezia/ellertsson/6020/2024-25/statistico
Solbakken,https://www.fantacalcio.it/serie-a/squadre/empoli/solbakken/6119/2024-25/statistico
Perrone,https://www.fantacalcio.it/serie-a/squadre/como/perrone/6151/2024-25/statistico
Sarr A.,https://www.fantacalcio.it/serie-a/squadre/verona/sarr-a/6159/2024-25/statistico
Gineitis,https://www.fantacalcio.it/serie-a/squadre/torino/gineitis/6170/2024-25/statistico
Bisseck,https://www.fantacalcio.it/serie-a/squadre/inter/bisseck/6217/2024-25/statistico
Rafia,https://www.fantacalcio.it/serie-a/squadre/lecce/rafia/6222/2024-25/statistico
El Azzouzi,https://www.fantacalcio.it/serie-a/squadre/bologna/el-azzouzi/6225/2024-25/statistico
Makoumbou,https://www.fantacalcio.it/serie-a/squadre/cagliari/makoumbou/6232/2024-25/statistico
Ferreira J.,https://www.fantacalcio.it/serie-a/squadre/udinese/ferreira-j/6256/2024-25/statistico
Natan,https://www.fantacalcio.it/serie-a/squadre/napoli/natan/6396/2024-25/statistico
Prati,https://www.fantacalcio.it/serie-a/squadre/cagliari/prati/6424/2024-25/statistico
Wieteska,https://www.fantacalcio.it/serie-a/squadre/cagliari/wieteska/6464/2024-25/statistico
Kristensen T.,https://www.fantacalcio.it/serie-a/squadre/udinese/kristensen-t/6485/2024-25/statistico
Pierotti,https://www.fantacalcio.it/serie-a/squadre/lecce/pierotti/6549/2024-25/statistico
Tavsan,https://www.fantacalcio.it/serie-a/squadre/verona/tavsan/6558/2024-25/statistico
Pierret,https://www.fantacalcio.it/serie-a/squadre/lecce/pierret/6633/2024-25/statistico
Felici,https://www.fantacalcio.it/serie-a/squadre/cagliari/felici/6640/2024-25/statistico
Bravo,https://www.fantacalcio.it/serie-a/squadre/udinese/bravo/6653/2024-25/statistico
Idzes,https://www.fantacalcio.it/serie-a/squadre/venezia/idzes/6672/2024-25/statistico
Sverko,https://www.fantacalcio.it/serie-a/squadre/venezia/sverko/6673/2024-25/statistico
Andersen M.k.,https://www.fantacalcio.it/serie-a/squadre/venezia/andersen-m-k/6674/2024-25/statistico
Savona,https://www.fantacalcio.it/serie-a/squadre/juventus/savona/6802/2024-25/statistico
Norton-Cuffy,https://www.fantacalcio.it/serie-a/squadre/genoa/norton-cuffy/6814/2024-25/statistico
Moreno M.,https://www.fantacalcio.it/serie-a/squadre/fiorentina/moreno-m/6890/2024-25/statistico
Grassi,https://www.fantacalcio.it/serie-a/squadre/empoli/grassi/27/2024-25/statistico
Mario Rui,https://www.fantacalcio.it/serie-a/squadre/napoli/mario-rui/142/2024-25/statistico
Pavoletti,https://www.fantacalcio.it/serie-a/squadre/cagliari/pavoletti/247/2024-25/statistico
D'Ambrosio,https://www.fantacalcio.it/serie-a/squadre/monza/d-ambrosio/253/2024-25/statistico
Cataldi,https://www.fantacalcio.it/serie-a/squadre/lazio/cataldi/333/2024-25/statistico
De Silvestri,https://www.fantacalcio.it/serie-a/squadre/bologna/de-silvestri/487/2024-25/statistico
Correa,https://www.fantacalcio.it/serie-a/squadre/inter/correa/495/2024-25/statistico
Baselli,https://www.fantacalcio.it/serie-a/squadre/como/baselli/556/2024-25/statistico
Faraoni,https://www.fantacalcio.it/serie-a/squadre/verona/faraoni/581/2024-25/statistico
Ceccherini,https://www.fantacalcio.it/serie-a/squadre/verona/ceccherini/1891/2024-25/statistico
Jankto,https://www.fantacalcio.it/serie-a/squadre/cagliari/jankto/1987/2024-25/statistico
Pellegri,https://www.fantacalcio.it/serie-a/squadre/empoli/pellegri/2103/2024-25/statistico
Cyprien,https://www.fantacalcio.it/serie-a/squadre/parma/cyprien/2357/2024-25/statistico
Pedro,https://www.fantacalcio.it/serie-a/squadre/lazio/pedro/2489/2024-25/statistico
Pellegrini Lu.,https://www.fantacalcio.it/serie-a/squadre/lazio/pellegrini-lu/2728/2024-25/statistico
Kabasele,https://www.fantacalcio.it/serie-a/squadre/udinese/kabasele/4263/2024-25/statistico
Adopo,https://www.fantacalcio.it/serie-a/squadre/cagliari/adopo/4870/2024-25/statistico
Valenti,https://www.fantacalcio.it/serie-a/squadre/parma/valenti/5307/2024-25/statistico
Balogh,https://www.fantacalcio.it/serie-a/squadre/parma/balogh/5353/2024-25/statistico
Zalewski,https://www.fantacalcio.it/serie-a/squadre/roma/zalewski/5422/2024-25/statistico
Altare,https://www.fantacalcio.it/serie-a/squadre/venezia/altare/5447/2024-25/statistico
Success,https://www.fantacalcio.it/serie-a/squadre/udinese/success/5676/2024-25/statistico
Cacace,https://www.fantacalcio.it/serie-a/squadre/empoli/cacace/5804/2024-25/statistico
Ebosele,https://www.fantacalcio.it/serie-a/squadre/udinese/ebosele/5848/2024-25/statistico
Vignato S.,https://www.fantacalcio.it/serie-a/squadre/monza/vignato-s/5879/2024-25/statistico
Alidou,https://www.fantacalcio.it/serie-a/squadre/verona/alidou/6048/2024-25/statistico
Moro N.,https://www.fantacalcio.it/serie-a/squadre/bologna/moro-n/6054/2024-25/statistico
Thiaw,https://www.fantacalcio.it/serie-a/squadre/milan/thiaw/6055/2024-25/statistico
Zemura,https://www.fantacalcio.it/serie-a/squadre/udinese/zemura/6211/2024-25/statistico
Zarraga,https://www.fantacalcio.it/serie-a/squadre/udinese/zarraga/6212/2024-25/statistico
Shpendi S.,https://www.fantacalcio.it/serie-a/squadre/empoli/shpendi-s/6395/2024-25/statistico
Cajuste,https://www.fantacalcio.it/serie-a/squadre/napoli/cajuste/6402/2024-25/statistico
Hatzidiakos,https://www.fantacalcio.it/serie-a/squadre/cagliari/hatzidiakos/6438/2024-25/statistico
Dani Silva,https://www.fantacalcio.it/serie-a/squadre/verona/dani-silva/6562/2024-25/statistico
Mitrovic S.,https://www.fantacalcio.it/serie-a/squadre/verona/mitrovic-s/6579/2024-25/statistico
Gaspar K.,https://www.fantacalcio.it/serie-a/squadre/lecce/gaspar-k/6632/2024-25/statistico
Pizarro,https://www.fantacalcio.it/serie-a/squadre/udinese/pizarro/6635/2024-25/statistico
Dahl,https://www.fantacalcio.it/serie-a/squadre/roma/dahl/6647/2024-25/statistico
Iovine,https://www.fantacalcio.it/serie-a/squadre/como/iovine/6654/2024-25/statistico
Braunoder,https://www.fantacalcio.it/serie-a/squadre/como/braunoder/6656/2024-25/statistico
Coulibaly W.,https://www.fantacalcio.it/serie-a/squadre/parma/coulibaly-w/6665/2024-25/statistico
Engelhardt,https://www.fantacalcio.it/serie-a/squadre/como/engelhardt/6676/2024-25/statistico
Pizzignacco,https://www.fantacalcio.it/serie-a/squadre/monza/pizzignacco/6682/2024-25/statistico
Pelmard,https://www.fantacalcio.it/serie-a/squadre/lecce/pelmard/6806/2024-25/statistico
Palacios T.,https://www.fantacalcio.it/serie-a/squadre/inter/palacios-t/6874/2024-25/statistico
Schingtienne,https://www.fantacalcio.it/serie-a/squadre/venezia/schingtienne/6892/2024-25/statistico
Kempf,https://www.fantacalcio.it/serie-a/squadre/como/kempf/6893/2024-25/statistico
Rui Modesto,https://www.fantacalcio.it/serie-a/squadre/udinese/rui-modesto/6900/2024-25/statistico
Barba,https://www.fantacalcio.it/serie-a/squadre/como/barba/134/2024-25/statistico
Perin,https://www.fantacalcio.it/serie-a/squadre/juventus/perin/218/2024-25/statistico
Cerri,https://www.fantacalcio.it/serie-a/squadre/como/cerri/306/2024-25/statistico
Reina,https://www.fantacalcio.it/serie-a/squadre/como/reina/387/2024-25/statistico
Goldaniga,https://www.fantacalcio.it/serie-a/squadre/como/goldaniga/418/2024-25/statistico
Machin,https://www.fantacalcio.it/serie-a/squadre/monza/machin/666/2024-25/statistico
Haas,https://www.fantacalcio.it/serie-a/squadre/empoli/haas/2161/2024-25/statistico
Bonifazi,https://www.fantacalcio.it/serie-a/squadre/lecce/bonifazi/2192/2024-25/statistico
Bettella,https://www.fantacalcio.it/serie-a/squadre/monza/bettella/2737/2024-25/statistico
Nicolussi Caviglia,https://www.fantacalcio.it/serie-a/squadre/venezia/nicolussi-caviglia/4349/2024-25/statistico
Caprile,https://www.fantacalcio.it/serie-a/squadre/napoli/caprile/4360/2024-25/statistico
Sala M.,https://www.fantacalcio.it/serie-a/squadre/como/sala-m/4386/2024-25/statistico
Kumbulla,https://www.fantacalcio.it/serie-a/squadre/roma/kumbulla/4495/2024-25/statistico
Martinez Jo.,https://www.fantacalcio.it/serie-a/squadre/inter/martinez-jo/5116/2024-25/statistico
Pobega,https://www.fantacalcio.it/serie-a/squadre/bologna/pobega/5298/2024-25/statistico
Camara D.,https://www.fantacalcio.it/serie-a/squadre/parma/camara-d/5421/2024-25/statistico
Raimondo,https://www.fantacalcio.it/serie-a/squadre/venezia/raimondo/5436/2024-25/statistico
Crnigoj,https://www.fantacalcio.it/serie-a/squadre/venezia/crnigoj/5486/2024-25/statistico
Bianco,https://www.fantacalcio.it/serie-a/squadre/fiorentina/bianco/5516/2024-25/statistico
Djalo',https://www.fantacalcio.it/serie-a/squadre/juventus/djalo/5533/2024-25/statistico
Obert,https://www.fantacalcio.it/serie-a/squadre/cagliari/obert/5701/2024-25/statistico
Zerbin,https://www.fantacalcio.it/serie-a/squadre/napoli/zerbin/5998/2024-25/statistico
Sulemana I.,https://www.fantacalcio.it/serie-a/squadre/atalanta/sulemana-i/6024/2024-25/statistico
Carboni F.,https://www.fantacalcio.it/serie-a/squadre/venezia/carboni-f/6149/2024-25/statistico
Belahyane,https://www.fantacalcio.it/serie-a/squadre/verona/belahyane/6191/2024-25/statistico
Okou,https://www.fantacalcio.it/serie-a/squadre/verona/okou/6284/2024-25/statistico
Comuzzo,https://www.fantacalcio.it/serie-a/squadre/fiorentina/comuzzo/6495/2024-25/statistico
Gabrielloni,https://www.fantacalcio.it/serie-a/squadre/como/gabrielloni/6657/2024-25/statistico
Partipilo,https://www.fantacalcio.it/serie-a/squadre/parma/partipilo/6668/2024-25/statistico
Esteves G.,https://www.fantacalcio.it/serie-a/squadre/udinese/esteves-g/6679/2024-25/statistico
Sagrado,https://www.fantacalcio.it/serie-a/squadre/venezia/sagrado/6681/2024-25/statistico
Dembele' A.,https://www.fantacalcio.it/serie-a/squadre/torino/dembele-a/6826/2024-25/statistico
Jean,https://www.fantacalcio.it/serie-a/squadre/lecce/jean/6883/2024-25/statistico
Leoni,https://www.fantacalcio.it/serie-a/squadre/parma/leoni/6887/2024-25/statistico
Anjorin,https://www.fantacalcio.it/serie-a/squadre/empoli/anjorin/6889/2024-25/statistico
Radunovic,https://www.fantacalcio.it/serie-a/squadre/cagliari/radunovic/3/2024-25/statistico
Sportiello,https://www.fantacalcio.it/serie-a/squadre/milan/sportiello/4/2024-25/statistico
Leali,https://www.fantacalcio.it/serie-a/squadre/genoa/leali/188/2024-25/statistico
Donnarumma An.,https://www.fantacalcio.it/serie-a/squadre/torino/donnarumma-an/216/2024-25/statistico
Sommariva,https://www.fantacalcio.it/serie-a/squadre/genoa/sommariva/219/2024-25/statistico
De Sciglio,https://www.fantacalcio.it/serie-a/squadre/empoli/de-sciglio/358/2024-25/statistico
Jajalo,https://www.fantacalcio.it/serie-a/squadre/venezia/jajalo/434/2024-25/statistico
Perilli,https://www.fantacalcio.it/serie-a/squadre/verona/perilli/511/2024-25/statistico
Padelli,https://www.fantacalcio.it/serie-a/squadre/udinese/padelli/543/2024-25/statistico
Perisan,https://www.fantacalcio.it/serie-a/squadre/empoli/perisan/673/2024-25/statistico
Di Gennaro,https://www.fantacalcio.it/serie-a/squadre/inter/di-gennaro/1926/2024-25/statistico
Pinsoglio,https://www.fantacalcio.it/serie-a/squadre/juventus/pinsoglio/1930/2024-25/statistico
Cragno,https://www.fantacalcio.it/serie-a/squadre/monza/cragno/2178/2024-25/statistico
Di Chiara,https://www.fantacalcio.it/serie-a/squadre/parma/di-chiara/2203/2024-25/statistico
Silvestri,https://www.fantacalcio.it/serie-a/squadre/udinese/silvestri/2211/2024-25/statistico
Rossi F.,https://www.fantacalcio.it/serie-a/squadre/atalanta/rossi-f/2297/2024-25/statistico
Karamoh,https://www.fantacalcio.it/serie-a/squadre/torino/karamoh/2325/2024-25/statistico
Fruchtl,https://www.fantacalcio.it/serie-a/squadre/lecce/fruchtl/2401/2024-25/statistico
Ravaglia F.,https://www.fantacalcio.it/serie-a/squadre/bologna/ravaglia-f/2722/2024-25/statistico
Vigorito,https://www.fantacalcio.it/serie-a/squadre/como/vigorito/2809/2024-25/statistico
Contini,https://www.fantacalcio.it/serie-a/squadre/napoli/contini/2845/2024-25/statistico
Rui Patricio,https://www.fantacalcio.it/serie-a/squadre/atalanta/rui-patricio/4270/2024-25/statistico
Brancolini,https://www.fantacalcio.it/serie-a/squadre/empoli/brancolini/4351/2024-25/statistico
Cassandro,https://www.fantacalcio.it/serie-a/squadre/como/cassandro/4438/2024-25/statistico
Berardi A.,https://www.fantacalcio.it/serie-a/squadre/verona/berardi-a/4491/2024-25/statistico
Ciocci,https://www.fantacalcio.it/serie-a/squadre/cagliari/ciocci/4929/2024-25/statistico
Akpa Akpro,https://www.fantacalcio.it/serie-a/squadre/lazio/akpa-akpro/5286/2024-25/statistico
Boer,https://www.fantacalcio.it/serie-a/squadre/roma/boer/5304/2024-25/statistico
Paleari,https://www.fantacalcio.it/serie-a/squadre/torino/paleari/5320/2024-25/statistico
Rinaldi,https://www.fantacalcio.it/serie-a/squadre/parma/rinaldi/5338/2024-25/statistico
Ryan,https://www.fantacalcio.it/serie-a/squadre/roma/ryan/5384/2024-25/statistico
Bertinato,https://www.fantacalcio.it/serie-a/squadre/venezia/bertinato/5521/2024-25/statistico
Haps,https://www.fantacalcio.it/serie-a/squadre/venezia/haps/5695/2024-25/statistico
Kone B.,https://www.fantacalcio.it/serie-a/squadre/como/kone-b/5725/2024-25/statistico
Bohinen,https://www.fantacalcio.it/serie-a/squadre/genoa/bohinen/5798/2024-25/statistico
Terracciano F.,https://www.fantacalcio.it/serie-a/squadre/milan/terracciano-f/5812/2024-25/statistico
Bagnolini,https://www.fantacalcio.it/serie-a/squadre/bologna/bagnolini/5822/2024-25/statistico
Sorrentino A.,https://www.fantacalcio.it/serie-a/squadre/monza/sorrentino-a/5853/2024-25/statistico
Listkowski,https://www.fantacalcio.it/serie-a/squadre/lecce/listkowski/5873/2024-25/statistico
Ebosse,https://www.fantacalcio.it/serie-a/squadre/udinese/ebosse/5994/2024-25/statistico
Degli Innocenti,https://www.fantacalcio.it/serie-a/squadre/empoli/degli-innocenti/6009/2024-25/statistico
Abildgaard,https://www.fantacalcio.it/serie-a/squadre/como/abildgaard/6162/2024-25/statistico
Martinelli T.,https://www.fantacalcio.it/serie-a/squadre/fiorentina/martinelli-t/6184/2024-25/statistico
Pisilli,https://www.fantacalcio.it/serie-a/squadre/roma/pisilli/6190/2024-25/statistico
Belardinelli,https://www.fantacalcio.it/serie-a/squadre/empoli/belardinelli/6203/2024-25/statistico
Popa,https://www.fantacalcio.it/serie-a/squadre/torino/popa/6210/2024-25/statistico
Lella,https://www.fantacalcio.it/serie-a/squadre/venezia/lella/6233/2024-25/statistico
Matturro,https://www.fantacalcio.it/serie-a/squadre/genoa/matturro/6244/2024-25/statistico
Stankovic F.,https://www.fantacalcio.it/serie-a/squadre/venezia/stankovic-f/6248/2024-25/statistico
Christensen O.,https://www.fantacalcio.it/serie-a/squadre/fiorentina/christensen-o/6403/2024-25/statistico
Corazza,https://www.fantacalcio.it/serie-a/squadre/bologna/corazza/6407/2024-25/statistico
Kaba,https://www.fantacalcio.it/serie-a/squadre/lecce/kaba/6410/2024-25/statistico
Furlanetto,https://www.fantacalcio.it/serie-a/squadre/lazio/furlanetto/6417/2024-25/statistico
Burnete,https://www.fantacalcio.it/serie-a/squadre/lecce/burnete/6418/2024-25/statistico
Sazonov,https://www.fantacalcio.it/serie-a/squadre/empoli/sazonov/6474/2024-25/statistico
Mandas,https://www.fantacalcio.it/serie-a/squadre/lazio/mandas/6482/2024-25/statistico
Cruz,https://www.fantacalcio.it/serie-a/squadre/verona/cruz/6490/2024-25/statistico
Nava,https://www.fantacalcio.it/serie-a/squadre/milan/nava/6505/2024-25/statistico
Camarda,https://www.fantacalcio.it/serie-a/squadre/milan/camarda/6519/2024-25/statistico
Samooja,https://www.fantacalcio.it/serie-a/squadre/lecce/samooja/6523/2024-25/statistico
Zeroli,https://www.fantacalcio.it/serie-a/squadre/milan/zeroli/6524/2024-25/statistico
Buchanan T.,https://www.fantacalcio.it/serie-a/squadre/inter/buchanan-t/6532/2024-25/statistico
Goglichidze,https://www.fantacalcio.it/serie-a/squadre/empoli/goglichidze/6537/2024-25/statistico
Ilic M.,https://www.fantacalcio.it/serie-a/squadre/bologna/ilic-m/6551/2024-25/statistico
Ankeye,https://www.fantacalcio.it/serie-a/squadre/genoa/ankeye/6565/2024-25/statistico
Mutandwa,https://www.fantacalcio.it/serie-a/squadre/cagliari/mutandwa/6598/2024-25/statistico
Joao Costa,https://www.fantacalcio.it/serie-a/squadre/roma/joao-costa/6603/2024-25/statistico
Dellavalle,https://www.fantacalcio.it/serie-a/squadre/torino/dellavalle/6612/2024-25/statistico
Ghilardi,https://www.fantacalcio.it/serie-a/squadre/verona/ghilardi/6631/2024-25/statistico
Veroli,https://www.fantacalcio.it/serie-a/squadre/cagliari/veroli/6636/2024-25/statistico
Kovacik,https://www.fantacalcio.it/serie-a/squadre/como/kovacik/6637/2024-25/statistico
Jasim,https://www.fantacalcio.it/serie-a/squadre/como/jasim/6648/2024-25/statistico
Sangare' B.,https://www.fantacalcio.it/serie-a/squadre/roma/sangare-b/6649/2024-25/statistico
Sherri,https://www.fantacalcio.it/serie-a/squadre/cagliari/sherri/6650/2024-25/statistico
Chiorra,https://www.fantacalcio.it/serie-a/squadre/empoli/chiorra/6651/2024-25/statistico
Bellemo,https://www.fantacalcio.it/serie-a/squadre/como/bellemo/6655/2024-25/statistico
Gioacchini,https://www.fantacalcio.it/serie-a/squadre/como/gioacchini/6658/2024-25/statistico
Lucchesi,https://www.fantacalcio.it/serie-a/squadre/venezia/lucchesi/6659/2024-25/statistico
Marcandalli,https://www.fantacalcio.it/serie-a/squadre/genoa/marcandalli/6660/2024-25/statistico
Chichizola,https://www.fantacalcio.it/serie-a/squadre/parma/chichizola/6661/2024-25/statistico
Corvi,https://www.fantacalcio.it/serie-a/squadre/parma/corvi/6662/2024-25/statistico
Charpentier,https://www.fantacalcio.it/serie-a/squadre/parma/charpentier/6670/2024-25/statistico
Grandi,https://www.fantacalcio.it/serie-a/squadre/venezia/grandi/6671/2024-25/statistico
Adzic,https://www.fantacalcio.it/serie-a/squadre/juventus/adzic/6677/2024-25/statistico
Liberali,https://www.fantacalcio.it/serie-a/squadre/milan/liberali/6678/2024-25/statistico
Doumbia I.,https://www.fantacalcio.it/serie-a/squadre/venezia/doumbia-i/6683/2024-25/statistico
Rouhi,https://www.fantacalcio.it/serie-a/squadre/juventus/rouhi/6803/2024-25/statistico
Marianucci,https://www.fantacalcio.it/serie-a/squadre/empoli/marianucci/6809/2024-25/statistico
Torriani,https://www.fantacalcio.it/serie-a/squadre/milan/torriani/6813/2024-25/statistico
Ekhator,https://www.fantacalcio.it/serie-a/squadre/genoa/ekhator/6822/2024-25/statistico
Marin Re.,https://www.fantacalcio.it/serie-a/squadre/roma/marin-re/6824/2024-25/statistico
Byar,https://www.fantacalcio.it/serie-a/squadre/bologna/byar/6839/2024-25/statistico
Sava,https://www.fantacalcio.it/serie-a/squadre/udinese/sava/6842/2024-25/statistico
Vos,https://www.fantacalcio.it/serie-a/squadre/milan/vos/6891/2024-25/statistico
Kouda,https://www.fantacalcio.it/serie-a/squadre/parma/kouda/6897/2024-25/statistico
